,Age,Location,Device,Variant,Time Spent,CTR
0,62,Location2,Device2,Control,13.92866854318459,0.08477598871868905
1,18,Location1,Device1,Variant B,11.310517738580295,0.09685886809355494
2,21,Location2,Device1,Variant B,24.84210015489373,0.0976300015405616
3,21,Location1,Device3,Variant B,20.06129986541151,0.10978296295118381
4,57,Location1,Device2,Variant B,34.49550298554413,0.0685788968045022
5,27,Location3,Device1,Variant B,26.129246067338567,0.14934051643858004
6,37,Location3,Device3,Variant B,20.52536203722959,0.09578815927165317
7,39,Location2,Device1,Variant A,21.52521696058984,0.1499854437045457
8,54,Location3,Device2,Control,21.910608195538998,0.1355345633012567
9,41,Location1,Device2,Variant A,27.64278758976079,0.13726630621873173
10,24,Location2,Device3,Variant B,21.11301612117428,0.12045903698363758
11,42,Location2,Device3,Variant B,19.659044491954113,0.09285115821577193
12,42,Location2,Device3,Variant B,32.975052556026235,0.1376396228639207
13,30,Location2,Device3,Variant A,26.208501620291592,0.08787544427105165
14,19,Location3,Device3,Variant B,21.334799602928435,0.12987836326203228
15,56,Location2,Device2,Variant A,7.8009008392796915,0.06978077637954655
16,57,Location1,Device3,Control,37.52736763436707,0.13096605542094444
17,41,Location2,Device3,Variant A,32.69943697741579,0.11462565143362906
18,64,Location3,Device3,Variant A,21.05718634128645,0.101043572076193
19,42,Location1,Device3,Control,21.532686612273213,0.08116790232853589
20,35,Location3,Device2,Variant B,23.854361330917765,0.13604510440530046
21,55,Location3,Device2,Variant A,30.03231766671137,0.10244940409681967
22,43,Location3,Device1,Control,16.171548290304244,0.08584477623247644
23,31,Location3,Device3,Variant A,29.319742424718605,0.06566698928999175
24,26,Location2,Device3,Variant A,29.23469994538906,0.10026333184000864
25,27,Location3,Device2,Control,23.523473716524897,0.08957163986936345
26,38,Location2,Device2,Variant A,18.70222049865199,0.14736696722893078
27,34,Location2,Device2,Control,23.71484376727734,0.09816041342445934
28,23,Location3,Device3,Variant A,18.548588855879373,0.11720719103079376
29,33,Location1,Device1,Variant B,28.78639953688937,0.12821783534277648
30,18,Location3,Device1,Control,20.452340700896684,0.11033182198732612
31,36,Location3,Device2,Variant B,26.5126283444469,0.08937280966787758
32,53,Location2,Device2,Variant A,20.457041754437032,0.137304786825231
33,42,Location2,Device2,Variant B,31.198428620444616,0.11738440127548833
34,47,Location2,Device2,Control,21.77939336655818,0.10123365293073655
35,37,Location2,Device1,Variant A,16.83168403923287,0.13421255071412286
36,37,Location3,Device1,Control,16.841749805828016,0.10795436158615304
37,32,Location1,Device2,Variant A,26.16959466835722,0.12559434937599645
38,57,Location1,Device1,Variant B,21.31724856339525,0.09476042958802926
39,50,Location1,Device2,Variant B,28.98810504361608,0.09545388250163608
40,19,Location1,Device1,Control,22.724188832704424,0.08430496616836558
41,27,Location2,Device3,Control,20.590902842845292,0.08012271679254049
42,50,Location3,Device3,Variant A,14.68576498682734,0.1175244613769242
43,49,Location2,Device1,Control,25.11442490583893,0.1417135064928554
44,28,Location2,Device2,Control,18.274973713459985,0.1342612346478313
45,41,Location3,Device1,Variant B,26.551327866440698,0.06160414516598298
46,53,Location3,Device2,Control,12.483161618663937,0.08903879786263152
47,29,Location3,Device2,Control,24.981885260814906,0.0866630220802988
48,46,Location2,Device2,Variant A,31.49870154530283,0.13821883405966995
49,52,Location1,Device2,Variant B,23.952731695728353,0.10953382594135196
50,18,Location2,Device1,Variant B,15.78602309845887,0.090580152911915
51,18,Location2,Device1,Variant A,21.69047883415067,0.10995975170123166
52,54,Location3,Device3,Variant B,26.62223862718787,0.11497895475937854
53,23,Location2,Device2,Variant A,28.929812786733322,0.12644651012493235
54,56,Location1,Device3,Variant A,16.141263116365643,0.12796750606283314
55,58,Location1,Device1,Control,17.097836669412747,0.09030090548121834
56,35,Location2,Device1,Control,17.148780090578967,0.07093831003034048
57,33,Location3,Device2,Variant A,37.43481752929709,0.09545244218014073
58,22,Location2,Device1,Control,22.390167191147718,0.09762267714916467
59,59,Location1,Device2,Control,10.93698263988817,0.06855757646285056
60,60,Location1,Device3,Variant B,14.252926243837807,0.08865701112535011
61,49,Location2,Device2,Variant B,28.01955705498891,0.11406000304659503
62,19,Location1,Device1,Control,19.548104286784575,0.11607307706955072
63,19,Location2,Device1,Variant A,27.089154161703316,0.16137930067440207
64,57,Location1,Device1,Variant A,20.712204843423518,0.11790306953348424
65,59,Location3,Device3,Control,18.90819091828844,0.10702795291665515
66,53,Location1,Device2,Control,16.18007192254207,0.10388090718851568
67,56,Location2,Device3,Variant A,26.89248418161165,0.1376296834827858
68,29,Location2,Device1,Variant B,30.545018084186644,0.10613516051640336
69,64,Location3,Device2,Variant B,25.55616302949346,0.07491657372762825
70,36,Location1,Device3,Variant A,21.54503887459349,0.11053710622933748
71,45,Location2,Device2,Control,18.52869411690031,0.11264271944767282
72,18,Location1,Device1,Variant B,25.032692500087023,0.09099534594962053
73,32,Location3,Device3,Variant A,22.752743274087173,0.13512767154322367
74,53,Location2,Device2,Control,23.309618237073607,0.13216027292662091
75,30,Location3,Device2,Control,30.390885915861016,0.08795445992537136
76,60,Location2,Device1,Variant B,20.993906848519515,0.12401945193125657
77,38,Location1,Device1,Control,7.206894133851879,0.11208538159916304
78,29,Location2,Device1,Variant A,21.88970997017055,0.07923633579817016
79,22,Location3,Device3,Variant A,20.9744664204222,0.09038221192514967
80,24,Location2,Device3,Variant A,25.748771495931113,0.14623023179967595
81,22,Location3,Device2,Variant A,16.880138183136335,0.10892194797763564
82,21,Location2,Device2,Control,21.58983454558792,0.09013371437517503
83,30,Location3,Device3,Variant A,29.833414862535175,0.11490683040890012
84,54,Location1,Device2,Variant B,30.260317222079905,0.12436424477565147
85,58,Location2,Device3,Control,14.753783730454515,0.11220647898614819
86,32,Location1,Device2,Control,16.39560271768592,0.09898201736026915
87,33,Location2,Device3,Control,23.637508282569716,0.10890908935910669
88,38,Location2,Device2,Variant A,29.334669133484883,0.12339955556079886
89,53,Location1,Device2,Control,25.84023671709614,0.10020354448104236
90,41,Location3,Device3,Variant A,21.893043968079517,0.1206540569875675
91,33,Location1,Device1,Variant A,27.605371087660522,0.13409417612440064
92,31,Location1,Device3,Control,9.172517233713016,0.07859905691484283
93,39,Location2,Device3,Control,23.292600451065976,0.11420270725512774
94,23,Location3,Device1,Variant A,23.60647724318249,0.10192993780819168
95,59,Location3,Device2,Control,22.022260791694485,0.10718388632566125
96,53,Location1,Device1,Control,20.20243274639016,0.0759777667203923
97,18,Location1,Device1,Variant A,25.877183758201593,0.120051468647973
98,49,Location3,Device1,Variant A,25.984729573342587,0.1280269628529662
99,23,Location1,Device2,Control,17.238625658298087,0.096332882204835
100,48,Location2,Device3,Variant A,18.268570573798204,0.1210240935788196
101,18,Location2,Device1,Variant A,21.27719934429942,0.09572678769230007
102,54,Location1,Device2,Variant B,22.11129832954107,0.11925686485886502
103,52,Location2,Device2,Control,28.43055253981904,0.0674247629521113
104,47,Location3,Device3,Control,17.054910387085897,0.10959537673865556
105,21,Location1,Device3,Control,20.387486417190903,0.11362398996587819
106,52,Location2,Device1,Control,23.198380741690837,0.09997347930552795
107,60,Location1,Device2,Control,18.47690045373728,0.1683626484102383
108,31,Location3,Device3,Variant A,21.402866939728966,0.13595577275858195
109,57,Location2,Device1,Control,10.616622462911698,0.13356866360160408
110,39,Location3,Device2,Control,27.491066353249153,0.09499378376918063
111,27,Location1,Device2,Variant B,22.13241379666448,0.16676813059322726
112,18,Location1,Device3,Variant A,23.033349883933116,0.1083055998861356
113,28,Location2,Device2,Control,19.54641200364644,0.04844687889936544
114,61,Location3,Device2,Control,22.155418630502155,0.10142718794873143
115,41,Location1,Device3,Control,23.620164211061432,0.08328048037562559
116,20,Location3,Device2,Control,16.926119937531595,0.10430374503694867
117,52,Location3,Device2,Variant A,30.463154319977914,0.12640921142805764
118,53,Location2,Device1,Variant B,24.94501566916626,0.13095455789244836
119,48,Location3,Device2,Variant B,25.02995423625892,0.12863534212012545
120,21,Location1,Device3,Control,24.223533027954552,0.09824073244799231
121,36,Location1,Device2,Variant B,18.159170610000324,0.09037672834285915
122,64,Location2,Device3,Variant B,24.605739362235372,0.09921844934306964
123,53,Location3,Device3,Variant B,23.895475991890613,0.12252598849006194
124,38,Location1,Device2,Variant B,16.448070547494936,0.0688972046302355
125,35,Location1,Device3,Variant B,29.292732189485314,0.1156603356752322
126,45,Location2,Device1,Variant A,30.208640880541658,0.1300985856727026
127,32,Location3,Device3,Variant A,24.06277082842634,0.08974824529899032
128,59,Location3,Device1,Variant A,26.925320445975245,0.11199288329271577
129,19,Location3,Device3,Variant B,31.060582932472933,0.0929978713357695
130,54,Location1,Device2,Variant A,20.450378381550664,0.11076477313623473
131,28,Location1,Device3,Variant B,24.511752519524617,0.1093195665753221
132,40,Location2,Device3,Variant B,21.527766574493764,0.09842169883612022
133,61,Location1,Device3,Variant A,16.474865804435762,0.1521996025138387
134,58,Location2,Device1,Control,20.951015327085184,0.0929632535899162
135,29,Location2,Device1,Variant B,19.569947054860158,0.10546199017464525
136,20,Location3,Device1,Variant B,18.84224798245265,0.11151757792552913
137,34,Location2,Device1,Variant A,21.934598003144963,0.1121210483512775
138,50,Location3,Device1,Variant B,22.094845972146125,0.08602284408857916
139,18,Location3,Device2,Variant B,18.885442552326246,0.07246983153894464
140,56,Location1,Device3,Variant B,25.94570796415864,0.12983479770452325
141,37,Location1,Device3,Variant A,18.747494054112927,0.17272819129601652
142,64,Location2,Device2,Control,22.966011298731598,0.06507584465152713
143,60,Location2,Device2,Control,15.016932515947538,0.10315383256768124
144,58,Location2,Device2,Variant A,16.48747253601625,0.09777048257822114
145,31,Location2,Device2,Variant B,19.254135829817347,0.09825207071832624
146,48,Location1,Device1,Control,23.536556991190007,0.0988076939427326
147,42,Location2,Device3,Variant A,16.815071248578988,0.15025576660788978
148,20,Location3,Device2,Variant A,25.065745884107827,0.10230891159140512
149,21,Location1,Device2,Variant B,18.597097619998017,0.11115783110422557
150,48,Location3,Device3,Variant B,22.919158405439415,0.09131503447896774
151,52,Location2,Device2,Variant A,12.652549089905092,0.07266611677585105
152,61,Location1,Device1,Variant A,30.05747077189328,0.08602035507077836
153,31,Location3,Device1,Variant A,28.36674554967219,0.14782913879145548
154,58,Location1,Device1,Control,19.227319327330846,0.15133620036286222
155,26,Location3,Device2,Variant B,18.705220114534356,0.1483959622768268
156,37,Location1,Device3,Variant A,26.58846170876634,0.14319162261263474
157,49,Location3,Device2,Variant B,26.79501287010156,0.11828625200126659
158,26,Location3,Device3,Control,19.348820626065574,0.09207480464787589
159,44,Location3,Device1,Variant A,25.17221935626541,0.14345838484910475
160,20,Location1,Device1,Variant B,37.64037022456051,0.12255664604900689
161,21,Location3,Device3,Control,28.852700411201354,0.08618666590328734
162,62,Location3,Device2,Variant A,30.054032124262893,0.12130360031783492
163,32,Location2,Device2,Variant B,25.290560346717797,0.1358696569919655
164,50,Location3,Device2,Variant A,24.409621251266138,0.12033210665038235
165,22,Location2,Device1,Variant B,20.034245285126563,0.12978240385803913
166,21,Location1,Device2,Variant B,20.736495869495414,0.08477248455483798
167,63,Location3,Device3,Control,11.601397402514142,0.10938978469974091
168,29,Location1,Device2,Control,16.438495276354818,0.11908372950597404
169,40,Location2,Device2,Control,20.640787191558665,0.13133698763148785
170,31,Location2,Device3,Control,21.51174691456795,0.08158873861104263
171,63,Location1,Device3,Control,15.271067745071429,0.09428948502959977
172,29,Location3,Device1,Variant B,36.23993060245261,0.11296830106782077
173,34,Location1,Device1,Control,16.395948182702387,0.08651609496951185
174,42,Location2,Device2,Variant B,20.51569046815494,0.06604785961141253
175,47,Location2,Device2,Variant B,20.546977567356997,0.10615772017877168
176,39,Location3,Device1,Variant A,27.91281076219216,0.11814568422837456
177,64,Location2,Device2,Variant B,28.536492508523203,0.13619536180325614
178,43,Location3,Device2,Variant B,23.77025409956947,0.13816776536199019
179,34,Location3,Device3,Control,22.498966606618637,0.114045914498565
180,37,Location3,Device2,Variant B,20.752565996869045,0.08983725753140037
181,51,Location2,Device3,Control,33.433792964140466,0.09962024957531171
182,58,Location1,Device1,Variant B,22.60835066532316,0.145620283687329
183,50,Location1,Device2,Variant B,24.54227994783684,0.13199832844703605
184,54,Location2,Device3,Control,19.000624790744364,0.08441797133166393
185,24,Location1,Device3,Variant A,26.888433794570062,0.12520045564891277
186,39,Location1,Device3,Variant B,24.077761102555236,0.12269188432440227
187,49,Location2,Device3,Variant B,14.008169873513378,0.12412805266492413
188,31,Location1,Device2,Control,16.65933374340313,0.06540480408097737
189,25,Location2,Device1,Control,9.219316535084072,0.08984139231273118
190,42,Location3,Device3,Variant A,33.8397715253246,0.11531242116498196
191,33,Location3,Device1,Variant A,22.945336933537817,0.10558626475312897
192,59,Location1,Device3,Variant A,22.256941972959414,0.080611830836651
193,36,Location2,Device3,Variant B,23.414437154102473,0.0738187169222108
194,58,Location3,Device3,Variant B,26.407612932636148,0.11648732058689036
195,33,Location2,Device1,Control,21.932212989520842,0.10705392849169164
196,29,Location2,Device1,Control,27.647923473067937,0.09427297675119174
197,56,Location2,Device1,Control,27.003036393029895,0.07894139498446609
198,47,Location1,Device2,Variant A,32.637741585954025,0.09427388158520594
199,19,Location3,Device1,Variant A,28.277653944119262,0.12389942290275664
200,49,Location1,Device2,Variant A,36.6744362121574,0.1460588186181201
201,62,Location2,Device2,Variant B,28.30396092509642,0.15726364928685227
202,42,Location3,Device1,Variant B,17.1873544520745,0.13404258016304152
203,42,Location1,Device3,Control,14.92410776997992,0.10691813044396462
204,21,Location3,Device3,Variant A,31.488134566399086,0.1269847415624097
205,36,Location1,Device2,Variant B,23.129557531970605,0.14010617894430094
206,21,Location2,Device3,Variant A,24.93038253231648,0.1432011988781699
207,60,Location3,Device3,Variant B,18.843341540661093,0.12611985875263637
208,30,Location2,Device2,Variant A,23.555702671015013,0.12024848375309947
209,56,Location2,Device1,Variant B,25.338991863673314,0.11521378210755157
210,53,Location3,Device2,Variant B,22.567810163279557,0.10640726189233755
211,40,Location3,Device1,Variant B,12.366389251107252,0.12988880327174487
212,23,Location1,Device1,Variant B,24.57807296707474,0.11513514865603801
213,41,Location1,Device2,Control,19.556540810170365,0.09281370192801562
214,61,Location2,Device3,Variant A,25.988956455367912,0.096675707626629
215,50,Location1,Device1,Variant B,32.991360969840045,0.10191843703736181
216,29,Location3,Device2,Variant B,23.17282101786418,0.1089393341696853
217,58,Location3,Device2,Variant A,27.50350156400416,0.11488626956643239
218,38,Location3,Device2,Variant B,28.44118034414025,0.14482697450997378
219,28,Location2,Device1,Variant B,20.93299888514037,0.12591050991510774
220,61,Location1,Device3,Variant A,26.327080080960194,0.11428700541089122
221,55,Location1,Device3,Control,21.70742078519438,0.12314805397355269
222,46,Location1,Device2,Control,16.061294817168005,0.11990545378554555
223,58,Location1,Device1,Variant B,15.29698449975806,0.09700112118090372
224,20,Location1,Device3,Control,19.837377525503033,0.10090418113349717
225,45,Location1,Device2,Control,18.45141536741947,0.12958416353315405
226,37,Location1,Device3,Variant B,12.859845932005404,0.08312613535222468
227,43,Location2,Device3,Variant B,16.54991480158732,0.11608579211281289
228,41,Location1,Device1,Control,21.46212102122869,0.10662383210218772
229,64,Location1,Device2,Variant B,16.51235547047156,0.078526430668544
230,38,Location1,Device3,Variant B,26.93422842794276,0.14081865039720237
231,47,Location2,Device3,Control,9.965115432313867,0.09958260545833411
232,21,Location1,Device1,Variant A,17.293059244470157,0.10122119644539139
233,53,Location2,Device1,Control,17.85825790730938,0.11053892276271098
234,57,Location2,Device3,Control,24.736186110846276,0.09541597048748617
235,27,Location2,Device1,Control,13.36644002415752,0.09203876092009573
236,27,Location3,Device1,Variant B,27.48128308358175,0.12827805058991942
237,59,Location1,Device2,Control,8.67965842171092,0.08212723868876359
238,41,Location3,Device2,Variant B,18.005842952080023,0.14158666802543157
239,21,Location1,Device3,Variant A,15.47237163602555,0.14874433913506813
240,64,Location2,Device3,Control,11.831845266225365,0.12413366482679009
241,44,Location2,Device3,Variant A,16.664689078264566,0.14671905703943136
242,62,Location1,Device1,Control,25.312876795655683,0.08415478529111886
243,21,Location1,Device2,Variant B,29.03255531765081,0.09979118830873521
244,49,Location2,Device3,Variant A,21.84525328293125,0.13301452084915433
245,27,Location1,Device2,Control,15.299413677198695,0.08322081400330339
246,28,Location1,Device1,Variant A,23.367366622925097,0.11134005924383687
247,45,Location3,Device2,Variant B,12.310753920916513,0.10809319297487419
248,63,Location2,Device1,Variant B,27.18372307760517,0.09947151486913958
249,25,Location3,Device3,Control,22.679547340555658,0.09029347118272202
250,57,Location2,Device1,Control,28.15447409407775,0.10704861439476529
251,39,Location3,Device1,Variant A,27.049574098534872,0.11316592361454464
252,51,Location1,Device1,Variant B,19.411186608579282,0.11586564148799225
253,62,Location1,Device1,Variant B,24.45678932063141,0.12007384301754637
254,52,Location2,Device3,Control,19.52837372812634,0.12434871623271097
255,52,Location2,Device2,Variant B,20.442456550998195,0.1322966056470731
256,42,Location2,Device3,Variant B,39.39576963064553,0.09856109084458416
257,51,Location3,Device3,Variant B,19.692768169520235,0.09142838831165002
258,23,Location2,Device1,Variant A,24.18895047283334,0.10777024728581229
259,58,Location1,Device3,Variant A,29.272686057962048,0.11696350539988225
260,54,Location2,Device1,Variant A,24.998799839068205,0.10866333274318252
261,18,Location1,Device2,Variant B,30.323695352746057,0.13841734417466808
262,29,Location3,Device1,Control,16.76430341008217,0.10799732779559906
263,52,Location1,Device2,Control,19.72261721096272,0.10446544793677671
264,23,Location1,Device3,Control,24.6119449011277,0.10898766786966724
265,34,Location3,Device1,Variant A,32.27546960589515,0.10461156872851245
266,26,Location1,Device2,Variant B,22.590145875416127,0.10384055729090097
267,19,Location3,Device3,Variant A,26.173142192393282,0.13423569227294768
268,35,Location3,Device2,Variant A,20.59373703266376,0.156822420934423
269,53,Location3,Device1,Control,11.85079188853986,0.08431712453811817
270,45,Location1,Device2,Control,22.4636332210844,0.07506734621213855
271,58,Location3,Device2,Variant B,25.58855444049587,0.11653001848301028
272,54,Location2,Device2,Variant A,26.0950958246529,0.1201530245540031
273,43,Location1,Device3,Variant B,26.67159975780481,0.11237353299589074
274,21,Location1,Device2,Variant A,19.276123115277716,0.1312126720352593
275,57,Location2,Device2,Variant B,19.957557893271044,0.08276825563929768
276,53,Location2,Device2,Variant A,20.140310898285133,0.1566639774928012
277,48,Location2,Device2,Variant B,25.500086859590873,0.1109759253865906
278,47,Location2,Device1,Variant A,18.88329774515619,0.11152421049259055
279,51,Location3,Device1,Variant A,27.977014129908717,0.13442349810620322
280,36,Location1,Device3,Control,19.29022200358957,0.07176507240403665
281,35,Location1,Device2,Variant A,24.443257897134803,0.1349879195835579
282,47,Location2,Device3,Control,15.613580457444936,0.10283990516190614
283,38,Location3,Device2,Variant B,28.52590747532808,0.1133279335126081
284,20,Location3,Device1,Control,7.114805677583947,0.04868053835194339
285,23,Location2,Device2,Variant A,24.47436435968314,0.15979310498869514
286,55,Location2,Device3,Control,22.514448135861407,0.09050542065718221
287,30,Location2,Device2,Control,22.91060354133483,0.1271295925310044
288,62,Location2,Device1,Variant B,21.753391513513733,0.10612373623838982
289,20,Location3,Device3,Control,30.45873414767962,0.10427693757457926
290,45,Location1,Device2,Variant B,30.785748715082914,0.08448291033673208
291,39,Location3,Device1,Variant B,26.34125021180405,0.08272333734929471
292,57,Location1,Device2,Control,19.666861568059083,0.11467292414957617
293,57,Location1,Device1,Variant A,17.71407631089926,0.11193540805683208
294,29,Location1,Device3,Variant B,25.789033077272535,0.07781712589568524
295,40,Location3,Device3,Control,10.729297124021679,0.09375411092414092
296,48,Location2,Device2,Variant B,23.687739251494218,0.12535344531308595
297,35,Location2,Device1,Control,20.52677197854735,0.1118721143464165
298,24,Location3,Device3,Control,16.488594809165605,0.12449663438280228
299,25,Location3,Device2,Variant A,28.641276759342283,0.11648299489531529
300,36,Location1,Device2,Control,14.167889198946348,0.13201083014283654
301,46,Location3,Device2,Variant B,30.803300396961937,0.10334677524117827
302,61,Location1,Device1,Variant B,21.630113565347123,0.08173962808314625
303,37,Location3,Device2,Variant A,21.448912819702826,0.13128633465993003
304,59,Location2,Device1,Variant B,10.548232668633108,0.09826070734647643
305,47,Location2,Device2,Variant A,35.96870014490116,0.15799874796540708
306,64,Location2,Device1,Control,26.791550134375875,0.1422645082407597
307,39,Location3,Device2,Control,19.824982411767692,0.10879961333290762
308,27,Location1,Device2,Control,14.73808422686024,0.09330229421776919
309,43,Location2,Device1,Variant A,23.71826282613953,0.0927930932191251
310,50,Location1,Device3,Variant B,19.787764058485678,0.041401548636637725
311,45,Location2,Device3,Variant B,22.305133863120265,0.11527078714952682
312,27,Location1,Device3,Control,19.44899774087235,0.11831989320917502
313,46,Location3,Device1,Variant B,21.91888193628833,0.09303345125779322
314,61,Location3,Device3,Variant A,25.715562646277608,0.1144648349431414
315,35,Location1,Device2,Variant A,22.292721619944672,0.12154214447159753
316,59,Location3,Device1,Variant A,25.51496345728849,0.12992335368374947
317,18,Location1,Device3,Variant A,22.69926152486374,0.11376390766218977
318,40,Location3,Device2,Variant B,21.236310146070856,0.12737617311610666
319,34,Location3,Device2,Variant A,25.423093788949693,0.14364861560227457
320,60,Location1,Device1,Variant B,17.476540832952434,0.11007857364861469
321,54,Location2,Device3,Control,14.926647051741732,0.09147755343026065
322,48,Location2,Device2,Variant B,21.15860716785927,0.09430662438865459
323,42,Location2,Device3,Variant A,31.26989826525914,0.1385603835762366
324,21,Location1,Device2,Variant B,22.616223093761135,0.09656982313748484
325,26,Location2,Device2,Control,17.001088853896974,0.12436781098900715
326,45,Location3,Device1,Control,17.611154082802877,0.07085717415791425
327,47,Location2,Device3,Control,15.268696595571416,0.1427762623373792
328,64,Location3,Device2,Variant B,19.44325390784559,0.09880208409451514
329,41,Location2,Device3,Variant A,19.519483506156384,0.14598645456124756
330,50,Location2,Device3,Variant A,23.258416089206577,0.06829157018100045
331,37,Location1,Device3,Variant B,16.682282242866933,0.14213585110440297
332,26,Location3,Device1,Variant A,25.10695899654091,0.12776257689086995
333,25,Location3,Device2,Variant A,20.075988350214246,0.11320439684802447
334,41,Location3,Device3,Variant B,23.235622054509687,0.10401004462779781
335,31,Location2,Device1,Control,18.46468680011575,0.0871420958295443
336,35,Location2,Device3,Variant A,23.9908245798791,0.11211034140983363
337,18,Location1,Device1,Control,19.51864368100164,0.08062196232003613
338,29,Location1,Device3,Variant A,36.323688660848774,0.10221747854555124
339,46,Location1,Device3,Control,23.344677737953333,0.06814864639348603
340,54,Location2,Device3,Control,18.431459952029698,0.10406660626815686
341,43,Location1,Device1,Variant A,28.44979185791121,0.13686112782269258
342,50,Location3,Device1,Variant A,24.590642366397276,0.11075996978082643
343,60,Location1,Device2,Variant B,19.377885428030908,0.12182800550116574
344,32,Location2,Device2,Variant A,17.251464825605446,0.09586151142346294
345,40,Location1,Device1,Variant A,25.810440720598024,0.11651461296473258
346,46,Location3,Device2,Variant B,23.170216799682127,0.12097435330433604
347,38,Location3,Device1,Control,24.819934658641177,0.13858501790468325
348,36,Location3,Device1,Variant B,24.4741285233676,0.08203733547258571
349,22,Location2,Device1,Control,24.455317565486347,0.1077037109644804
350,40,Location3,Device2,Variant B,26.921394957632426,0.11766214699921237
351,53,Location1,Device3,Variant A,30.469174442602288,0.12518979825395798
352,37,Location1,Device2,Variant A,28.970990562249845,0.1381230300927045
353,25,Location3,Device3,Control,24.407916918856944,0.11475738124559756
354,26,Location2,Device2,Variant A,29.527137201674023,0.1666022714651081
355,31,Location3,Device3,Control,18.67163034150359,0.1087429028885586
356,23,Location1,Device3,Variant B,23.876478201880264,0.10020437775681144
357,18,Location1,Device1,Variant A,29.762257934740333,0.1283015680506638
358,26,Location3,Device2,Control,18.93333422377822,0.0837827654541181
359,33,Location2,Device3,Variant B,19.18249440419396,0.07404480053415027
360,33,Location1,Device2,Variant A,21.162331545989904,0.08129258282585308
361,29,Location2,Device1,Variant A,26.801791308750836,0.08843855245682583
362,22,Location3,Device1,Control,26.465422636624087,0.07329418311092777
363,57,Location1,Device3,Variant A,24.541538978827848,0.14664188817059307
364,46,Location1,Device1,Control,15.611555244777847,0.0903165255762861
365,63,Location1,Device2,Variant A,25.542675971695722,0.13257707938739366
366,44,Location1,Device1,Variant B,28.055688992478586,0.09765448144989632
367,28,Location1,Device1,Variant A,25.998373622415855,0.1149824398015307
368,64,Location1,Device1,Control,14.73049292570445,0.10004938383250904
369,45,Location3,Device1,Control,32.93603495855793,0.08109701662820909
370,53,Location1,Device2,Control,12.289557330539722,0.09749565745463151
371,59,Location1,Device2,Variant B,26.08326513847784,0.09894137523259837
372,36,Location3,Device3,Variant A,28.877436734441787,0.10083818349600816
373,52,Location1,Device1,Variant A,22.5596422500862,0.1151164338199091
374,48,Location1,Device3,Variant A,19.559357561894423,0.09970402511359108
375,61,Location3,Device3,Control,19.891539979456894,0.12190939011074384
376,36,Location1,Device2,Control,25.217635547946013,0.12361262741522408
377,63,Location1,Device1,Variant A,19.594105518190236,0.11705001654298493
378,41,Location3,Device1,Control,31.878654035138126,0.09879184083740244
379,19,Location1,Device2,Variant A,30.087683879732776,0.12253345667765071
380,24,Location3,Device2,Variant A,20.27257658590929,0.12186184497704153
381,60,Location1,Device2,Control,9.005805602485768,0.11821255484046805
382,48,Location1,Device1,Variant A,24.229546040758397,0.11034024699158759
383,34,Location3,Device3,Control,20.56963155816853,0.09125371836905066
384,44,Location2,Device3,Variant A,19.289437214714866,0.12490359724454568
385,53,Location3,Device1,Control,24.146979279532744,0.09524300210159271
386,60,Location2,Device3,Control,25.947362857943357,0.0899130585686213
387,27,Location2,Device1,Control,19.135273531274635,0.07944946175444453
388,62,Location1,Device1,Variant A,25.589946334557002,0.13967546403093498
389,31,Location3,Device2,Variant A,22.41881880636157,0.10023980890979117
390,24,Location2,Device1,Variant B,25.854791013503018,0.10273412245184102
391,56,Location2,Device2,Variant A,22.045992898824338,0.10010636831872871
392,57,Location2,Device2,Variant A,30.811170753371005,0.11146910692423175
393,26,Location2,Device3,Variant A,19.152693518480213,0.12496826487276201
394,31,Location3,Device2,Variant B,28.283781189252583,0.12120898663029028
395,25,Location1,Device3,Variant B,29.729744979585305,0.11195993928676251
396,34,Location1,Device1,Variant A,25.56711031725809,0.1209212255233564
397,40,Location2,Device3,Variant A,23.727375334491285,0.10771111374707537
398,33,Location1,Device3,Control,12.203699451968888,0.09562783018158541
399,43,Location2,Device3,Variant A,25.371911528742068,0.11771608353878205
400,26,Location1,Device1,Control,21.49742803861999,0.10018006347111544
401,53,Location1,Device1,Variant A,26.48639084074691,0.1445112130907133
402,24,Location3,Device2,Control,18.362812871378228,0.1019226490677977
403,35,Location2,Device1,Variant B,18.817777843279195,0.09765151705996082
404,25,Location3,Device2,Variant B,24.266493665189987,0.10664792947342841
405,38,Location1,Device1,Variant A,34.32582680989707,0.12950807514657292
406,43,Location2,Device3,Variant B,19.36394883058044,0.07416268949639385
407,20,Location2,Device2,Variant B,9.681809890281912,0.11846882020782354
408,34,Location2,Device1,Control,19.38809377552269,0.08704721774250083
409,63,Location2,Device1,Variant B,25.0678217200811,0.10236676902122162
410,41,Location2,Device1,Variant A,32.48566745656177,0.1281577502295664
411,42,Location2,Device3,Variant A,31.302970129255183,0.13275557398771232
412,22,Location1,Device2,Variant B,22.33513051933937,0.12836647034618273
413,54,Location2,Device2,Variant A,25.86248280140373,0.08365249422420537
414,62,Location1,Device2,Variant B,19.223145909250377,0.08665578497199324
415,41,Location3,Device1,Variant A,29.091829580851986,0.12982691996910256
416,48,Location1,Device2,Control,21.3086231007945,0.1036813698331866
417,43,Location3,Device2,Variant B,23.016094321952266,0.10184237218300868
418,38,Location2,Device1,Variant A,22.29092093127565,0.13185456702356171
419,51,Location1,Device1,Control,18.131510555264835,0.13443012786478026
420,55,Location1,Device1,Variant B,26.026736937857102,0.12809477413861897
421,41,Location1,Device1,Variant A,21.047907010854214,0.12049818531737776
422,45,Location3,Device3,Variant B,15.082051393276522,0.09766661124381333
423,47,Location2,Device3,Control,23.32931644590809,0.09127537658311598
424,51,Location1,Device2,Variant B,23.967659159013586,0.10677904457367347
425,40,Location3,Device3,Control,24.24199302321422,0.09282141677993468
426,25,Location1,Device1,Control,22.092808895259008,0.0893338854853051
427,59,Location1,Device3,Variant A,23.50594152617821,0.1576797595880285
428,27,Location1,Device1,Control,14.514970938037541,0.07843739063414452
429,18,Location1,Device3,Control,24.262542541667834,0.09145556637767008
430,37,Location3,Device1,Variant A,20.282065032394005,0.11100466269927758
431,54,Location2,Device2,Control,26.02456075360546,0.08920124721917132
432,35,Location2,Device2,Variant A,20.560926861189287,0.11856545020242758
433,38,Location1,Device3,Variant A,33.16836790027163,0.11441757899295038
434,21,Location3,Device1,Control,16.393526711816364,0.08942094658728592
435,60,Location2,Device2,Variant B,35.68584540218214,0.10869516969810866
436,19,Location2,Device1,Control,18.417827870061892,0.09938777324963792
437,38,Location1,Device3,Variant B,33.305638555305116,0.10970101642589904
438,54,Location1,Device1,Control,17.564954275955582,0.14373570124072135
439,22,Location3,Device1,Variant A,31.99064268187797,0.13233890414994207
440,34,Location2,Device3,Control,19.7989311199069,0.08479829912700626
441,28,Location1,Device2,Variant A,29.754634424277555,0.10393655887632525
442,63,Location3,Device3,Variant B,23.719084664784514,0.11070652457531768
443,58,Location3,Device1,Control,21.393818500576895,0.1356743902818269
444,48,Location3,Device3,Variant B,25.72876506512369,0.09862288610917708
445,45,Location2,Device3,Control,21.49633567136027,0.07180125604211678
446,61,Location2,Device1,Variant A,24.979857447066845,0.12758750273500574
447,49,Location2,Device3,Variant A,28.822782969531687,0.13396941496822087
448,38,Location3,Device2,Control,24.945701999908263,0.09913315367717081
449,24,Location3,Device2,Variant B,18.46606743753327,0.1261965062728374
450,27,Location1,Device3,Control,16.578327377093697,0.08052254572558061
451,45,Location1,Device1,Control,30.464067899532736,0.085383380954953
452,53,Location2,Device3,Control,19.535908689006362,0.06743276314830174
453,37,Location2,Device3,Variant B,20.834372005658384,0.09547664583331873
454,30,Location1,Device2,Control,13.81986996815243,0.11854996840638267
455,36,Location2,Device2,Variant A,28.05269687222396,0.14194567895947055
456,28,Location1,Device1,Control,15.092338392357007,0.08092511322168135
457,52,Location1,Device1,Control,22.44141677789705,0.09372632372536566
458,51,Location1,Device1,Variant A,30.352384067123378,0.1586214704178155
459,61,Location3,Device3,Control,14.666495420645035,0.10652930646425672
460,21,Location2,Device3,Variant B,17.570735448828806,0.11310711576368193
461,30,Location3,Device3,Control,11.98387018772301,0.07159745698514172
462,54,Location2,Device3,Variant B,16.31359779238964,0.10565389033329713
463,19,Location3,Device1,Control,18.884912932158947,0.08859985348122243
464,18,Location2,Device1,Control,23.15307517781551,0.08117007631830392
465,57,Location2,Device1,Control,20.641414488313824,0.12733859952625484
466,42,Location1,Device3,Variant B,24.063274481063612,0.09760001343879493
467,54,Location3,Device3,Variant A,28.48378369333226,0.12055455048626013
468,53,Location3,Device1,Control,23.79292715518326,0.08526860874486496
469,23,Location2,Device2,Control,14.114878984605605,0.06233957406587378
470,24,Location3,Device1,Control,13.515192535915725,0.09238802681346825
471,21,Location2,Device3,Variant A,21.57556963795304,0.11907286712676159
472,52,Location2,Device3,Control,23.32900709486148,0.1086816901330587
473,58,Location1,Device1,Variant B,17.36865214515487,0.07708211624263273
474,51,Location2,Device2,Variant A,14.504995316228637,0.1396528278695762
475,46,Location3,Device2,Variant B,19.936303980850038,0.1213453012892221
476,22,Location1,Device3,Variant B,27.5531614799243,0.09282797599380418
477,44,Location2,Device3,Variant A,29.187359398852998,0.0671761019566788
478,50,Location1,Device3,Variant A,26.368689037844305,0.12662269156580583
479,63,Location1,Device1,Control,21.24196243907261,0.11201918648890184
480,27,Location2,Device3,Variant A,29.004057791176894,0.11870608993893975
481,23,Location3,Device3,Variant B,26.851966907737147,0.1332722958656158
482,51,Location2,Device3,Control,20.436648171092315,0.05740335323516452
483,25,Location2,Device2,Variant A,25.746419834360317,0.16287070300775086
484,48,Location2,Device2,Variant B,29.508024167877345,0.08126101963137654
485,26,Location2,Device3,Variant A,26.434807481646097,0.09929246855869693
486,38,Location2,Device2,Control,24.558688423759477,0.057746201379682296
487,25,Location3,Device2,Variant B,31.303131010739083,0.09574856586369099
488,21,Location1,Device2,Variant A,30.020603260188253,0.13947618082080823
489,39,Location3,Device2,Control,21.151138993311864,0.08418213203341188
490,45,Location2,Device1,Variant A,19.313548308722915,0.12581368832434328
491,62,Location1,Device2,Control,22.65394435352581,0.10361310691802826
492,21,Location1,Device2,Variant B,21.06290037667318,0.10102658493638818
493,56,Location1,Device2,Variant B,29.95558235015138,0.12886521656835026
494,38,Location3,Device2,Variant A,20.055268954943106,0.1298891211036645
495,25,Location3,Device1,Variant B,22.804952515478064,0.12330547236889496
496,37,Location3,Device1,Variant A,23.323803177467838,0.14290865926150206
497,49,Location2,Device3,Variant A,24.073919933887886,0.10578314695713262
498,18,Location3,Device2,Variant B,26.896823934206267,0.1374690320864997
499,23,Location3,Device2,Variant A,20.250133816293168,0.11940195185385567
500,45,Location3,Device3,Variant A,29.662412095236963,0.09320300308275074
501,61,Location1,Device1,Variant B,21.94874494051179,0.12447749501299682
502,48,Location1,Device3,Control,24.99177996049881,0.11840529598585205
503,27,Location2,Device1,Variant A,25.685485101303236,0.13871692337640537
504,37,Location1,Device3,Variant A,21.872837339171305,0.11582593724638206
505,25,Location2,Device3,Variant A,28.34668941258989,0.10359122061899911
506,39,Location1,Device2,Variant B,36.24005989152562,0.08555175696429401
507,55,Location2,Device3,Control,13.610544640582797,0.10168207753106745
508,46,Location2,Device1,Variant B,22.39282495372938,0.08347311382791678
509,26,Location1,Device1,Variant B,32.02972280719271,0.09734035605883788
510,61,Location1,Device3,Variant B,17.873570058835593,0.07494923653092936
511,64,Location3,Device1,Control,26.596659946513384,0.08775172280144242
512,18,Location3,Device3,Variant B,29.014695212500214,0.08094280568146127
513,58,Location2,Device2,Variant B,16.90552083809633,0.12340086705569131
514,56,Location2,Device2,Variant B,19.7201459720269,0.1193329191025369
515,43,Location2,Device2,Control,18.262397621200158,0.06916757283510129
516,28,Location1,Device2,Control,21.87815381763522,0.10442367607872101
517,52,Location1,Device3,Control,15.589886729722325,0.11804532150499825
518,41,Location3,Device1,Control,25.222907091526643,0.12345666684477344
519,50,Location1,Device3,Variant B,26.989971729968037,0.11180552281853011
520,37,Location2,Device1,Control,20.11653714438213,0.12135951163956384
521,44,Location3,Device3,Variant A,29.655729295970836,0.10154585035060995
522,32,Location1,Device1,Variant B,30.33516867063544,0.13206821675909836
523,50,Location2,Device1,Variant A,39.24675086370276,0.15655704143238458
524,24,Location1,Device3,Control,24.897194415302494,0.06741455579609651
525,51,Location1,Device2,Variant A,19.196993493071353,0.1133710160632814
526,62,Location1,Device3,Variant B,23.5359071035476,0.1483409017482656
527,63,Location2,Device2,Variant B,28.094102829828,0.07978904716045275
528,59,Location2,Device3,Variant B,17.956367670094735,0.14028653128111795
529,22,Location1,Device1,Variant A,22.48265213842607,0.12205103070382128
530,47,Location2,Device2,Variant B,21.917682076822725,0.12301130068744251
531,45,Location1,Device1,Variant B,23.241456758247658,0.061147024347914324
532,35,Location3,Device1,Variant A,20.251898713125655,0.09750281145514397
533,53,Location2,Device1,Control,19.588998763740445,0.07189193098204047
534,20,Location1,Device3,Variant B,20.744262106154572,0.11592143223243039
535,38,Location1,Device1,Control,24.68024811558956,0.0956438335821223
536,63,Location1,Device3,Control,29.30595933306055,0.10022434947945133
537,33,Location3,Device2,Variant B,36.27615351805307,0.10828210360588214
538,54,Location2,Device1,Variant A,31.864270398506576,0.12298650882122131
539,59,Location1,Device2,Control,18.90860916464657,0.11906803435689192
540,22,Location1,Device2,Variant A,24.9809548451511,0.1260286611384283
541,31,Location1,Device3,Variant B,23.632403138493647,0.12632055482082827
542,48,Location2,Device2,Variant B,24.345840441631914,0.0883153905120741
543,63,Location3,Device3,Variant B,25.710442920586896,0.10925237358691256
544,41,Location3,Device3,Variant B,24.364199716060043,0.1017835978661546
545,52,Location1,Device2,Variant B,26.672239510973963,0.11703707857252901
546,53,Location1,Device2,Variant B,26.5099788482284,0.13747365445811324
547,27,Location2,Device2,Variant A,27.257461901286174,0.1278734075209084
548,44,Location1,Device3,Variant B,17.547532494621045,0.10226865705219786
549,44,Location3,Device3,Control,20.778147751152115,0.07875157841066374
550,40,Location2,Device2,Control,21.1705336964157,0.11757907481399289
551,30,Location2,Device3,Variant B,25.109458051039546,0.09466797508265984
552,33,Location1,Device2,Variant A,20.67687979160949,0.13755638608068238
553,52,Location3,Device3,Variant B,20.609217451676926,0.11466163604208074
554,44,Location2,Device3,Variant B,14.96201626826545,0.11716041257352845
555,56,Location2,Device1,Variant B,22.62718648665025,0.13772567692495324
556,64,Location1,Device1,Variant B,20.60437231444682,0.12415365115144603
557,34,Location3,Device2,Variant A,27.073359509396596,0.10728486514075478
558,58,Location3,Device1,Control,25.156853341336642,0.12422333413174164
559,18,Location2,Device3,Control,26.242456392023744,0.06778322987346783
560,28,Location3,Device2,Control,16.06510196557493,0.07785098192276405
561,29,Location1,Device1,Control,10.469030068567564,0.08821362492468114
562,31,Location1,Device2,Control,17.361330184970335,0.08085113973613284
563,25,Location2,Device2,Control,15.110448567804038,0.07179073010946198
564,48,Location2,Device3,Variant A,27.260893009206356,0.12655543450346754
565,24,Location3,Device1,Variant B,25.19937356370991,0.08145892410987822
566,63,Location1,Device3,Variant A,23.77449699148857,0.13130886567441732
567,48,Location3,Device2,Variant A,29.93103654658267,0.1412354807256192
568,33,Location3,Device2,Variant A,19.021590899372697,0.11087538751330096
569,59,Location2,Device2,Variant A,14.41068823910423,0.10948984503160453
570,56,Location1,Device1,Variant A,19.88447570772128,0.12460413000116521
571,61,Location1,Device3,Variant A,30.888170957895532,0.113473931583257
572,36,Location3,Device3,Variant B,25.77736759719248,0.10837272219960963
573,25,Location1,Device1,Variant A,19.85499953721456,0.14364646163819977
574,46,Location1,Device3,Variant A,26.01903154019785,0.14437175710094982
575,19,Location3,Device3,Control,28.443945286619957,0.1041294352150546
576,59,Location2,Device2,Control,19.161034086329714,0.09961924103404902
577,20,Location2,Device2,Variant B,22.880036573817893,0.09954585372231167
578,46,Location2,Device2,Variant A,24.529102412127067,0.10271212750281228
579,32,Location3,Device1,Control,21.493995710338588,0.11634651829949695
580,55,Location1,Device2,Variant A,22.485124766728045,0.13472427686342656
581,45,Location3,Device3,Control,20.05845453352496,0.09323630186240739
582,54,Location3,Device1,Control,20.44198199704614,0.06363337081612949
583,49,Location2,Device3,Control,23.88515292660863,0.07311361819217128
584,47,Location1,Device1,Control,21.07923395615908,0.14309234103207685
585,64,Location2,Device3,Variant A,28.440876532531135,0.10682166149165616
586,47,Location1,Device1,Variant B,19.766279052446972,0.12970181519673682
587,51,Location1,Device3,Control,15.967951244807946,0.10436016970036165
588,30,Location2,Device2,Control,25.519577387663304,0.10922340009759375
589,50,Location2,Device1,Variant B,24.78677677197874,0.08831043869830181
590,59,Location3,Device3,Variant A,31.065298773970504,0.10804120940946595
591,34,Location1,Device3,Control,19.83481422724782,0.12050606344784975
592,20,Location1,Device3,Variant B,22.212192503248726,0.06384031139986526
593,26,Location1,Device3,Variant A,31.09817763939916,0.08700315597348249
594,28,Location1,Device2,Variant A,20.26652528789213,0.14480616128689294
595,44,Location1,Device2,Variant A,18.163773265919154,0.11661870335363035
596,45,Location3,Device1,Variant A,27.641884877642692,0.08069681635538817
597,19,Location1,Device1,Variant A,24.32973789202559,0.12395935805722094
598,18,Location3,Device3,Control,16.181251414461784,0.11621389883422162
599,23,Location2,Device1,Control,9.936888687563624,0.11975264382490826
600,42,Location3,Device3,Variant A,19.893649428681506,0.1209176860838527
601,52,Location3,Device1,Variant B,25.637143874277562,0.1287981260036103
602,33,Location3,Device1,Variant A,26.369898110615264,0.12361656102549204
603,21,Location2,Device3,Control,23.49777859537636,0.08859564142696505
604,64,Location1,Device2,Variant B,20.14160250080258,0.11839259147844731
605,55,Location3,Device3,Control,21.299401356322154,0.12041970470100767
606,61,Location2,Device2,Control,26.779732457744434,0.09920542757608977
607,37,Location3,Device1,Variant B,18.648786380116167,0.11199501548852517
608,42,Location3,Device2,Variant A,24.37406632031479,0.12500616593088767
609,24,Location2,Device3,Variant A,24.562890165035615,0.09121389989615133
610,38,Location3,Device1,Control,21.418529702907392,0.0960635038758345
611,24,Location3,Device2,Variant B,23.60905169494541,0.13781304272262473
612,46,Location1,Device2,Variant B,21.20858764205654,0.09513660555776639
613,24,Location2,Device3,Control,20.139168226043747,0.10493725277085342
614,20,Location3,Device1,Variant B,25.20497439898705,0.0806998697102428
615,46,Location2,Device1,Control,22.09214145127191,0.115994815589686
616,46,Location2,Device2,Variant B,21.725198355106468,0.12250756667073567
617,56,Location1,Device2,Variant A,26.355935551849694,0.09148764361452127
618,55,Location1,Device2,Control,30.22561661216998,0.10780933040476463
619,23,Location1,Device1,Variant B,19.06111939550754,0.1100027149134071
620,63,Location3,Device2,Variant B,21.40287677429386,0.09937222491991049
621,27,Location3,Device2,Variant B,23.22342481986842,0.12241695974512612
622,54,Location3,Device1,Control,27.65940791051996,0.07768273365897436
623,31,Location3,Device1,Variant B,21.74190451878699,0.1337324220267829
624,39,Location3,Device3,Variant B,24.563672197462946,0.11006436019437581
625,49,Location3,Device1,Variant B,25.731544531211593,0.11566442643897108
626,35,Location2,Device1,Control,23.324734905644753,0.11950059165963492
627,53,Location2,Device3,Control,16.04274467114193,0.09787676837904785
628,63,Location1,Device1,Variant A,30.938861652518668,0.11929150500040352
629,26,Location3,Device3,Control,12.970522847533097,0.10574248535602339
630,43,Location2,Device1,Control,14.921255488665906,0.09017204316750685
631,39,Location1,Device3,Control,22.409956089247785,0.126294188559547
632,63,Location1,Device2,Variant A,28.27029318173846,0.13212061664176383
633,55,Location1,Device2,Variant A,16.00339303127849,0.11484970505655924
634,40,Location1,Device2,Variant B,21.54909638171654,0.12837785149396216
635,34,Location2,Device3,Control,13.498376786307707,0.1385500863072521
636,43,Location2,Device2,Variant B,25.757029372516406,0.07876106235698101
637,64,Location2,Device1,Variant B,34.942227782477204,0.08874197242834007
638,55,Location1,Device3,Variant B,18.048390235570317,0.08536489006407481
639,19,Location1,Device1,Control,15.461325317807884,0.10187012502332461
640,23,Location3,Device1,Control,13.050406457844808,0.10921563721132467
641,24,Location3,Device1,Variant A,21.49975999930177,0.14810280579889054
642,30,Location1,Device3,Variant A,21.568050177811365,0.12976379246910538
643,44,Location2,Device1,Variant B,29.743820188015476,0.11761212532255874
644,28,Location1,Device2,Variant B,24.77105547128412,0.1113593397843932
645,32,Location3,Device3,Control,27.0589354847419,0.08168052166047009
646,26,Location3,Device2,Variant A,18.654261593561152,0.14425169422100356
647,25,Location2,Device3,Variant B,28.45675216651123,0.12326862186937855
648,63,Location1,Device1,Variant B,33.24367925853815,0.0952680229940851
649,23,Location3,Device2,Variant A,24.152023495677614,0.12710092856927083
650,60,Location2,Device3,Control,18.83956799630405,0.08284753025040445
651,21,Location3,Device1,Variant B,23.01390361177532,0.06072508945433583
652,28,Location2,Device1,Control,23.80995856564257,0.09264297895924112
653,45,Location3,Device3,Variant B,18.46656975877892,0.1006107909797885
654,43,Location3,Device3,Control,17.498162327630066,0.07478313177989737
655,21,Location1,Device3,Variant B,34.88953344286145,0.13302843261143232
656,32,Location2,Device3,Variant B,18.26842837429022,0.11276325468131462
657,36,Location2,Device2,Variant B,30.491638070053586,0.1391250042716651
658,23,Location3,Device3,Control,22.806756955677397,0.0899673480678518
659,22,Location1,Device1,Variant A,31.963641687105394,0.13686143132154488
660,35,Location3,Device2,Control,18.345924917555255,0.10504433493733394
661,23,Location3,Device1,Control,27.70261862575918,0.09546260888574158
662,48,Location3,Device1,Control,18.31423596717718,0.06123688069517989
663,42,Location2,Device3,Variant B,12.596594534093278,0.13188454631438226
664,21,Location1,Device2,Variant B,27.390469031592335,0.1347037654986176
665,23,Location3,Device3,Control,20.525714931133017,0.07166666576884209
666,58,Location3,Device1,Control,15.08499578191212,0.10064537338537745
667,54,Location3,Device3,Variant B,30.441893030672276,0.11324125135712625
668,42,Location2,Device3,Variant A,21.767906732743995,0.08253581571297952
669,51,Location3,Device3,Variant B,32.643824701073775,0.11674691503804868
670,36,Location2,Device3,Variant B,20.066481290079455,0.13260096045583472
671,51,Location2,Device3,Control,17.364061291540946,0.08416852507507391
672,32,Location2,Device3,Control,16.710819200012473,0.14029668848598972
673,25,Location2,Device2,Variant B,26.32214234209558,0.10049307694116787
674,61,Location2,Device3,Control,25.494000054446087,0.09628249718047827
675,64,Location1,Device2,Variant B,30.051221665489056,0.1460126651656625
676,51,Location2,Device3,Variant A,30.12409717771817,0.10234943747340268
677,35,Location2,Device2,Control,22.366407522662772,0.0962448366085686
678,47,Location3,Device1,Variant A,25.658233175736203,0.13638384419086086
679,30,Location1,Device2,Variant B,26.321527819357065,0.11833425131797501
680,64,Location1,Device2,Variant A,21.418799107935094,0.12009369068161312
681,50,Location3,Device1,Control,20.362088406498852,0.10130631866122025
682,52,Location2,Device3,Variant A,24.525997169668674,0.11555421007175602
683,41,Location1,Device3,Control,26.462668698685405,0.06871242291660837
684,43,Location2,Device2,Variant A,27.220737734938854,0.10038833698191812
685,64,Location3,Device3,Control,16.685684496926967,0.09834720626939245
686,61,Location1,Device3,Variant B,30.216852012525894,0.1048828259761706
687,59,Location2,Device1,Variant A,26.123127722475008,0.1487066433130604
688,64,Location1,Device3,Variant A,27.16676243529338,0.10386909351946888
689,18,Location1,Device3,Variant A,19.892162621969256,0.116097802902848
690,30,Location2,Device2,Control,20.902429765651675,0.10241020385162608
691,27,Location2,Device3,Variant A,26.563225685350165,0.08060283096934337
692,36,Location1,Device3,Variant A,24.074435618340345,0.1077184264182636
693,22,Location3,Device2,Control,28.923973451764404,0.10114666516396477
694,25,Location1,Device2,Control,26.146051253064687,0.12361721361858871
695,21,Location3,Device2,Variant A,19.757567047189028,0.09169971989505057
696,30,Location1,Device3,Variant A,21.774697069126898,0.10973356102593373
697,55,Location2,Device3,Control,22.075980457285013,0.07350016515122887
698,63,Location3,Device3,Variant A,25.946342413312074,0.11259127761765081
699,63,Location3,Device3,Variant A,22.57313976846716,0.12768757948287132
700,36,Location1,Device3,Variant B,27.76944736193608,0.1076433909272004
701,25,Location1,Device3,Variant B,24.127594657115587,0.10536394665992281
702,44,Location3,Device2,Variant A,23.392724240833417,0.11681793502184197
703,64,Location2,Device2,Variant B,20.45562888775458,0.1106512838918597
704,47,Location3,Device3,Variant B,18.531309082924995,0.08354390484929763
705,21,Location3,Device1,Control,13.927490814891897,0.09455304068195369
706,28,Location2,Device2,Variant A,28.330728396760286,0.12180718030088382
707,38,Location2,Device3,Variant A,30.72387032545896,0.13977022451065813
708,60,Location1,Device2,Variant B,32.72063019776843,0.0983655927568149
709,19,Location1,Device1,Variant B,33.27978933554365,0.06179572973386764
710,38,Location1,Device2,Variant A,30.474965336817302,0.11141947001082975
711,34,Location2,Device2,Control,23.04307413674597,0.09330857944754026
712,60,Location3,Device2,Variant A,18.395687958843755,0.12501323631238054
713,46,Location2,Device2,Control,21.9186647334131,0.11639095610416778
714,44,Location1,Device3,Variant A,18.268376652312707,0.13320453938404342
715,41,Location3,Device1,Variant A,32.09151222895582,0.1265262122877374
716,20,Location1,Device3,Control,22.228675540337115,0.10213535044885738
717,56,Location3,Device2,Control,23.38331379726987,0.07928313399431816
718,27,Location2,Device2,Control,18.427535719324066,0.10187436416645584
719,20,Location1,Device2,Control,20.610861759757206,0.101499195756864
720,62,Location2,Device1,Control,22.079877034788034,0.08980762949062106
721,59,Location2,Device1,Control,20.306928924367895,0.06084662818315308
722,43,Location2,Device3,Control,13.295349041010308,0.12622072154620406
723,54,Location3,Device2,Variant B,21.194722298891087,0.12897715126911283
724,44,Location2,Device1,Variant A,21.915506247537646,0.12015838241334197
725,22,Location2,Device2,Control,27.884634108548063,0.10411914959986407
726,59,Location3,Device3,Variant B,22.719793125874364,0.11168646023231249
727,28,Location2,Device3,Variant A,31.308525907281506,0.14722785408108752
728,30,Location2,Device1,Variant A,31.43047096602128,0.1256398563959807
729,58,Location2,Device3,Variant A,19.807725123976805,0.09809572411490103
730,51,Location3,Device1,Variant B,10.029952295024025,0.09332349862636083
731,55,Location3,Device2,Variant B,27.271253225020427,0.08349639118538749
732,57,Location1,Device1,Variant A,25.153830435841304,0.10784422053747195
733,50,Location2,Device3,Variant B,19.44851115003144,0.1271129065900249
734,51,Location3,Device2,Variant B,27.634365165450625,0.09641035859160259
735,44,Location2,Device3,Control,29.983934468144785,0.08301770084111927
736,53,Location3,Device2,Variant B,20.509373769760472,0.08369090149280821
737,43,Location3,Device2,Variant A,26.026383690012803,0.10219428956563822
738,42,Location3,Device2,Variant A,22.616769674518395,0.11270841954986631
739,36,Location1,Device2,Variant B,20.77464110385604,0.09816651359669572
740,38,Location2,Device3,Variant B,24.442236084645312,0.10454288049794805
741,48,Location3,Device1,Variant A,19.737886249610447,0.11668222491739255
742,46,Location2,Device2,Variant A,26.641597449883466,0.12505546584876484
743,26,Location3,Device3,Variant B,20.327541093968033,0.11813828190830312
744,36,Location2,Device3,Variant B,28.519360225175003,0.12364174908129888
745,43,Location2,Device3,Control,21.57531484351659,0.13992661673456075
746,42,Location3,Device1,Variant A,31.278429173525943,0.10042668603293879
747,57,Location2,Device3,Variant B,22.113688155557295,0.0963146568037708
748,60,Location1,Device3,Variant B,25.03521034989621,0.13165575279083797
749,46,Location1,Device1,Variant B,25.74524627385774,0.146512764650664
750,42,Location2,Device3,Variant A,20.011357606743314,0.0880623259185846
751,36,Location2,Device3,Control,14.18748000286137,0.06333508935014627
752,21,Location3,Device1,Variant B,17.72988559349735,0.09164486768237542
753,62,Location3,Device1,Control,21.04550934989444,0.09496247218488228
754,37,Location2,Device1,Variant A,17.484598286089295,0.13984792696974696
755,63,Location2,Device2,Control,17.331192837697994,0.11496109212000415
756,18,Location2,Device1,Control,10.312530239593261,0.08705398084158487
757,28,Location2,Device2,Control,13.765142483389228,0.09227221173759036
758,21,Location1,Device2,Variant A,25.463554131006894,0.12936946770366053
759,24,Location2,Device1,Variant A,16.729305155877846,0.13170610123357934
760,45,Location3,Device2,Variant B,21.888339624410495,0.14192643311480024
761,53,Location1,Device3,Variant B,16.966309539871755,0.11592275773856826
762,24,Location2,Device3,Variant B,19.746992242842552,0.0862310265286156
763,37,Location3,Device1,Control,9.827351427937414,0.07483667351450397
764,52,Location1,Device2,Control,15.000917153538389,0.09244211937780834
765,56,Location2,Device3,Control,17.250127745217686,0.10338529198380754
766,38,Location2,Device2,Variant A,33.11009970822719,0.1263973511724674
767,61,Location2,Device2,Variant B,33.467202479442456,0.10541986209897367
768,18,Location2,Device3,Variant A,22.962257275832478,0.11037361853798357
769,54,Location1,Device1,Control,9.294297812506544,0.11906594792175675
770,63,Location3,Device2,Variant B,23.046366649066588,0.13267687778980972
771,59,Location2,Device3,Variant A,24.467657031758204,0.11910159622997217
772,20,Location1,Device1,Variant B,25.580134308365,0.14349511922157632
773,51,Location1,Device2,Variant B,17.953038865068017,0.10850301936641468
774,30,Location3,Device2,Variant B,20.253414714075426,0.09170730091316984
775,33,Location1,Device2,Control,28.701395957480912,0.10733930265175397
776,51,Location1,Device2,Control,21.204465214149177,0.09675979926085222
777,41,Location3,Device1,Variant B,20.73448326809902,0.11234781200868349
778,30,Location1,Device2,Control,19.545868168592342,0.07936263482038342
779,23,Location1,Device3,Variant A,17.781361854592838,0.13830242610353324
780,56,Location3,Device3,Variant A,23.25827527524603,0.1451357613128507
781,19,Location1,Device3,Variant A,27.929414633152724,0.12506649945575082
782,28,Location3,Device1,Control,10.402102086835846,0.07967098917689817
783,24,Location2,Device3,Variant B,12.968595324909339,0.09149300805925456
784,24,Location2,Device2,Variant A,22.032945142194677,0.10823274984786677
785,56,Location2,Device2,Variant A,21.583344635211578,0.10649937323832494
786,56,Location2,Device3,Control,16.853679476779924,0.13186177688713852
787,29,Location1,Device1,Control,23.225378731128586,0.11151548663781553
788,39,Location2,Device1,Control,17.26418148413418,0.0957656695962262
789,20,Location3,Device2,Variant B,22.308380955036352,0.1355699576843938
790,30,Location3,Device2,Variant B,16.84720281893636,0.11224578106625442
791,47,Location3,Device3,Control,11.133041565198452,0.1229111759506847
792,27,Location3,Device1,Variant A,27.78058424069219,0.15111364601605523
793,26,Location2,Device3,Control,27.67106073652088,0.10780548148380746
794,23,Location3,Device2,Variant A,29.853583330133162,0.12428009658676561
795,61,Location2,Device2,Control,20.312870813273243,0.06855139369232777
796,19,Location3,Device3,Variant B,16.2667724833114,0.13423326973145344
797,61,Location3,Device1,Variant A,27.229524574495677,0.10179507620283457
798,33,Location2,Device2,Variant B,24.02377582069882,0.1140735370303871
799,30,Location2,Device2,Variant A,29.04133762972244,0.15941509215874192
800,30,Location1,Device1,Variant A,19.75016509092902,0.10890747029550782
801,39,Location1,Device2,Control,17.988158617727485,0.0861388537797115
802,36,Location1,Device1,Variant A,19.485003105624546,0.1291523424361579
803,43,Location3,Device1,Control,10.867423477864879,0.10010398990775092
804,31,Location3,Device2,Variant B,24.897484875875886,0.11759167211693179
805,48,Location3,Device3,Control,15.19565128864933,0.10410001156468174
806,46,Location1,Device2,Variant B,20.386419684947203,0.10894796948686802
807,62,Location1,Device2,Variant B,20.78359800826407,0.12604183421095067
808,59,Location1,Device2,Control,22.66305049089015,0.07903683867038377
809,39,Location3,Device2,Variant A,17.186783650185454,0.0992592239336099
810,24,Location2,Device3,Variant B,18.042229287277443,0.11188883298680478
811,54,Location1,Device3,Variant A,28.07640741463849,0.12411761205338029
812,58,Location2,Device3,Variant B,24.668428958420172,0.09873217616383899
813,44,Location3,Device1,Variant B,18.461391491309598,0.07236333739654581
814,48,Location1,Device3,Variant B,15.968814581318519,0.09225186206071934
815,23,Location3,Device1,Control,12.785769308935745,0.1183907927247275
816,33,Location2,Device2,Control,16.19095146868009,0.1541983335206385
817,55,Location3,Device3,Variant B,26.674427939737583,0.10067898345540259
818,55,Location3,Device3,Control,22.418483221507724,0.10739121816857344
819,49,Location1,Device3,Control,19.427187025689697,0.05320857342603644
820,50,Location2,Device3,Variant B,18.90353042544383,0.10764660486349249
821,34,Location1,Device3,Variant B,20.557512468167992,0.08591391005255691
822,50,Location3,Device2,Control,17.378401779865936,0.0986717061719837
823,28,Location3,Device3,Control,25.37013562194537,0.11290325904271173
824,30,Location2,Device1,Variant B,28.11076830026243,0.0934036906234191
825,47,Location3,Device1,Control,25.70069433986263,0.10928107271710752
826,18,Location1,Device3,Variant B,16.939688621609985,0.15388630461163835
827,47,Location2,Device1,Variant A,26.915867738734566,0.1421491322695786
828,44,Location3,Device3,Variant B,26.195506057819696,0.10777374495361695
829,57,Location1,Device2,Variant B,13.314782147285836,0.09194895557877561
830,40,Location1,Device1,Variant B,23.41193090572284,0.16135140855530125
831,37,Location2,Device3,Variant A,17.983867295798067,0.11773221196509684
832,23,Location3,Device1,Variant B,25.045051700943482,0.12503226155109662
833,54,Location1,Device3,Variant B,30.57424557854112,0.08694871818826108
834,37,Location2,Device1,Variant B,27.7448261980729,0.11913760567249797
835,54,Location1,Device2,Variant A,25.59946288861952,0.11655189019792751
836,23,Location3,Device1,Variant A,24.748408308343954,0.0945848541488756
837,46,Location1,Device1,Control,20.827849269865467,0.08132767365042594
838,30,Location3,Device1,Variant A,25.64695334625779,0.0990596872805169
839,44,Location1,Device1,Variant B,28.115490100325808,0.06354241702822669
840,37,Location3,Device3,Variant B,22.88308186678533,0.11143104127435999
841,30,Location1,Device2,Control,24.99935915217669,0.08435160861635903
842,56,Location1,Device2,Control,20.601765327857503,0.10172154322594898
843,25,Location2,Device1,Variant B,26.632279619627475,0.1066984618641032
844,34,Location3,Device1,Control,21.647032456159476,0.10484696530096418
845,47,Location1,Device2,Variant A,30.814915559875754,0.10643190710449983
846,18,Location2,Device2,Variant B,21.779028503657415,0.11382224897184376
847,41,Location1,Device2,Variant B,23.264845828431827,0.139018069400194
848,33,Location2,Device2,Variant A,17.24719553306324,0.11867973051799818
849,28,Location1,Device1,Variant B,23.720864209653723,0.08913154711866887
850,21,Location2,Device2,Variant B,31.692540075008207,0.05764848107348113
851,21,Location3,Device1,Variant A,27.044214619247438,0.11358168114763373
852,34,Location1,Device1,Control,20.22224448766903,0.1235206988434916
853,27,Location3,Device2,Variant B,26.236933366952766,0.08675798548508636
854,38,Location3,Device3,Variant A,29.133267272125906,0.1477669440931033
855,55,Location2,Device1,Variant A,26.806527089707618,0.12335298987030784
856,35,Location3,Device2,Control,15.398408021579398,0.11746616061020207
857,27,Location2,Device1,Control,21.40306619999801,0.08014984711003093
858,62,Location2,Device3,Variant B,26.29643098412876,0.09336028311083776
859,33,Location2,Device2,Variant A,24.473337606146867,0.13252326637931788
860,56,Location2,Device1,Variant B,25.915605354124235,0.10245578930546921
861,32,Location2,Device3,Variant A,22.254049141642852,0.10520650350150532
862,51,Location1,Device3,Variant A,25.162679986250204,0.10470459137600649
863,22,Location1,Device1,Variant B,16.11462674150585,0.11974287875600101
864,34,Location3,Device2,Variant B,20.065462560245706,0.0948525989984329
865,54,Location1,Device2,Variant A,25.057597373658684,0.08598414116935171
866,25,Location2,Device1,Variant A,29.012349297675062,0.11685761494156381
867,41,Location2,Device3,Variant B,16.21659963206329,0.07756470930391268
868,45,Location1,Device3,Control,14.706664035600614,0.06944699599860779
869,64,Location3,Device3,Variant A,24.266772370368546,0.10644142237066938
870,25,Location3,Device3,Control,16.055244415167195,0.10324803220547904
871,40,Location1,Device1,Variant B,21.740261489119202,0.1489228051505036
872,52,Location2,Device3,Control,21.535922689397662,0.11410192499358368
873,48,Location2,Device1,Control,20.290904460213678,0.11028996674135773
874,34,Location3,Device2,Variant A,23.157343179490063,0.12761472601054447
875,45,Location1,Device2,Variant A,24.22592833747651,0.16102550817144387
876,29,Location2,Device3,Control,22.17909900942652,0.12136612462333207
877,41,Location3,Device3,Variant A,21.337159690362085,0.08067368906792749
878,32,Location3,Device3,Control,22.46462924779259,0.09936454511578753
879,57,Location1,Device2,Control,26.231276344769263,0.09203009409889998
880,48,Location3,Device1,Variant B,20.39207575286933,0.14424099209336733
881,44,Location2,Device1,Control,23.14400630238223,0.11204618829488126
882,52,Location3,Device1,Variant B,21.32808334626757,0.10392441160775495
883,35,Location3,Device3,Variant A,22.858229741097816,0.09817400429466061
884,53,Location3,Device1,Control,30.36499488402969,0.1032076047478901
885,25,Location1,Device3,Variant B,22.369751354841277,0.10275599890466375
886,63,Location2,Device2,Variant B,18.686032916799274,0.0731131046962941
887,55,Location3,Device1,Variant B,16.562319561678827,0.10790035757230462
888,22,Location1,Device3,Control,16.525161081924598,0.09833323313288868
889,31,Location3,Device1,Variant A,20.663571754287894,0.10885856032274258
890,55,Location2,Device2,Control,22.482340768109182,0.012975345464154228
891,37,Location3,Device1,Variant A,24.71730925548413,0.1356983431212459
892,61,Location1,Device1,Variant B,30.889349386988695,0.08868405914518458
893,26,Location3,Device2,Control,17.47095826940636,0.06491032379729636
894,50,Location3,Device3,Variant B,32.04058468921265,0.09111480171899189
895,35,Location3,Device3,Variant A,21.86704238625555,0.1045125419764339
896,23,Location1,Device3,Variant B,17.237908743358588,0.1164228123354644
897,54,Location3,Device1,Variant B,16.021078433666446,0.09194574847308304
898,19,Location3,Device1,Variant A,21.572654565805536,0.14204098500159587
899,47,Location1,Device3,Variant A,31.554950677331366,0.11734499450563202
900,23,Location1,Device3,Variant B,18.783821719976554,0.114706605060829
901,34,Location2,Device1,Variant A,31.532390373427262,0.0929789910225213
902,56,Location1,Device3,Control,16.21520929502396,0.10746341392897768
903,58,Location3,Device3,Control,23.39185267004634,0.0770128891573724
904,40,Location3,Device1,Variant A,21.52950324461824,0.12352081686585961
905,48,Location1,Device2,Control,22.753902643044277,0.09615006099496326
906,37,Location2,Device1,Variant B,27.11494347061651,0.1397053199408564
907,22,Location1,Device3,Variant A,18.756744412557133,0.14872086017041086
908,38,Location2,Device3,Control,12.735940397733017,0.09940447583914502
909,60,Location1,Device2,Variant A,23.30254740472268,0.12669609805577423
910,28,Location2,Device2,Control,22.150683595179043,0.08422029419053897
911,21,Location2,Device1,Variant A,29.018028149519758,0.0987286090404273
912,40,Location3,Device2,Variant B,27.134981006093366,0.10259598791178295
913,55,Location2,Device3,Variant B,30.053560886623956,0.14126342880674292
914,47,Location3,Device3,Variant A,17.05254317935633,0.1487661425561509
915,59,Location1,Device3,Control,30.64200461980912,0.07379921518752483
916,58,Location1,Device3,Control,25.168168009791852,0.03641085156079592
917,35,Location1,Device2,Variant A,32.19771129415917,0.11463490485752681
918,58,Location1,Device3,Control,21.18807231668926,0.13502887961865653
919,60,Location1,Device3,Control,27.154663194618486,0.09305528252557821
920,48,Location3,Device3,Variant A,26.166855809488226,0.11855528135354879
921,47,Location1,Device1,Control,13.541847898242533,0.12400368281659935
922,51,Location2,Device1,Variant B,27.65207749058977,0.10378901523278128
923,48,Location3,Device3,Control,11.128348521870864,0.08173068814359083
924,64,Location2,Device2,Variant A,31.74518664494341,0.07946558629940581
925,55,Location3,Device2,Variant A,16.916816864601333,0.12570396839406106
926,42,Location2,Device1,Variant A,35.81099647584768,0.12370921252959145
927,34,Location3,Device1,Variant B,15.206681552601431,0.12377308575730793
928,53,Location1,Device2,Control,18.10811646537276,0.10514123548828368
929,57,Location3,Device1,Variant A,27.243711168949407,0.0927079427147039
930,47,Location3,Device1,Variant A,24.439390910098446,0.14730870527603887
931,19,Location2,Device3,Variant A,33.13025849251282,0.15367638435833206
932,41,Location3,Device2,Control,20.399136626341274,0.11782798487122853
933,26,Location3,Device3,Control,25.139821121821264,0.10659605850031408
934,18,Location1,Device1,Control,21.84341195552577,0.09812237198088371
935,41,Location2,Device1,Control,26.131151266419362,0.11035351880698857
936,55,Location3,Device1,Control,24.48946943187337,0.11852188370298726
937,44,Location2,Device1,Control,25.70057233397495,0.11521559185304668
938,43,Location3,Device2,Variant A,37.228968377026646,0.14532633184111501
939,43,Location3,Device2,Variant B,10.047286324844066,0.12725430127091805
940,24,Location2,Device2,Variant A,29.60274338887301,0.09713794820756247
941,42,Location1,Device2,Variant B,24.04630144752822,0.11695368344063253
942,33,Location3,Device3,Variant A,29.469800819829956,0.11575247485158137
943,55,Location3,Device3,Variant A,25.690251869972897,0.11486199838407739
944,59,Location3,Device3,Variant B,13.737251179659994,0.1270372387611848
945,35,Location2,Device1,Variant A,17.996932611139496,0.123087732882439
946,34,Location1,Device2,Variant B,29.072968366770354,0.09498666529285368
947,61,Location3,Device2,Variant B,28.64312998683074,0.12647806661469715
948,64,Location3,Device2,Variant B,20.537993766134573,0.12354375861298286
949,23,Location3,Device3,Variant A,14.816448570106191,0.10239707163966073
950,37,Location2,Device1,Control,22.6123510889159,0.11104201351069404
951,40,Location2,Device1,Variant A,23.215708553244458,0.14152642835291437
952,63,Location2,Device1,Variant A,18.12579886538108,0.14957339331150513
953,29,Location2,Device3,Variant B,28.002956430346448,0.10960416514111605
954,29,Location1,Device2,Variant B,23.398637867910683,0.09562182478599195
955,51,Location2,Device3,Control,21.74376895907769,0.08257231551791487
956,25,Location2,Device2,Variant B,21.542557794723827,0.10688592447690265
957,44,Location3,Device1,Control,21.959715915423825,0.11371260093458156
958,25,Location2,Device2,Variant A,20.045086238415728,0.11509774836367112
959,50,Location1,Device1,Variant B,20.150440766153615,0.0979373123105812
960,54,Location1,Device1,Variant A,27.99977780713538,0.13443951295965842
961,36,Location3,Device1,Control,16.47830922072221,0.08538217777565651
962,41,Location1,Device2,Control,18.455807343094822,0.11291585952518403
963,39,Location2,Device3,Control,17.618016735654585,0.10201195894960298
964,20,Location2,Device1,Variant A,28.867854533407062,0.14495099102199654
965,26,Location1,Device2,Control,19.08371254191395,0.0979031836766495
966,28,Location1,Device1,Control,18.645058985813037,0.09572480503650786
967,23,Location2,Device2,Variant A,17.361916585257674,0.08814419976090541
968,56,Location3,Device3,Variant A,24.711967480397384,0.06681052491332584
969,56,Location2,Device1,Control,9.896912215892124,0.06811944295143552
970,54,Location3,Device1,Variant B,25.474311820506333,0.10816365597130415
971,19,Location3,Device1,Control,17.70894090091955,0.06456960558819132
972,54,Location1,Device3,Variant B,22.108371387759945,0.13404089842805353
973,23,Location3,Device2,Variant A,24.17971257748363,0.1161396853116549
974,23,Location2,Device1,Variant A,25.004147013638754,0.12031784278333826
975,56,Location2,Device1,Variant A,17.58213688073486,0.14152709492122278
976,53,Location1,Device3,Variant A,17.25980272912392,0.11240797753311406
977,42,Location3,Device2,Variant A,33.51712165436673,0.15077096786087485
978,33,Location2,Device3,Variant A,34.991726481784724,0.14478029966844688
979,38,Location3,Device3,Variant A,22.67324572709661,0.1680721404362015
980,27,Location2,Device1,Variant B,19.525979462330774,0.06784645531006579
981,22,Location2,Device2,Control,19.40490430028115,0.08994997816048811
982,42,Location2,Device1,Control,15.411739730445143,0.09701383054670233
983,48,Location2,Device1,Variant A,28.17175889979285,0.14439646555963506
984,20,Location1,Device3,Variant A,31.648128773710695,0.12115874590337598
985,37,Location1,Device3,Variant A,24.543317473921856,0.13741354429409033
986,21,Location3,Device1,Control,22.134507282522904,0.10650310732603176
987,31,Location3,Device3,Variant B,21.040676013173883,0.12389025111623969
988,29,Location1,Device3,Variant B,23.944344000303452,0.09379387086353726
989,31,Location2,Device2,Variant B,32.95276305039754,0.09847634550098033
990,54,Location3,Device1,Control,19.35740246421015,0.10089555276662582
991,35,Location3,Device1,Variant B,22.409808295227766,0.10095063317926624
992,44,Location1,Device2,Variant A,20.161483023326475,0.09847022630141203
993,24,Location3,Device3,Variant A,27.390527035740504,0.09571843252349141
994,52,Location1,Device2,Control,15.01234962620521,0.07191397672069605
995,39,Location2,Device2,Variant B,17.252029867340884,0.09221096730323601
996,38,Location3,Device2,Control,30.075897524736977,0.07815119024906597
997,60,Location2,Device3,Control,31.929222814287442,0.12521320771400826
998,35,Location2,Device2,Variant B,14.68029887887405,0.09542296778208222
999,55,Location1,Device1,Variant B,25.803168894522756,0.16668755954447367
