,User ID,Age,Device Type,Location,Average Spend,Average Play Time,Average Time Watching Ads
0,1,62,Device3,Location3,54.60893670109037,0.23410232647960494,2.2621572227620583
1,2,65,Device1,Location1,36.4284574718846,0.8029435501699689,1.440160241869627
2,3,18,Device1,Location2,84.84385146266608,4.349362366535506,0.37407853100259525
3,4,21,Device3,Location1,30.9633859741126,5.966833055629758,2.4309720111036865
4,5,21,Device3,Location2,76.39275457910185,9.401405978055166,1.0419621639746544
5,6,57,Device1,Location1,44.84821141791955,7.944310838609182,0.4871230372409102
6,7,27,Device1,Location2,80.54211672506183,0.3817380261265346,1.6000504968454488
7,8,37,Device3,Location2,79.15374723231268,0.9713852334768125,1.5845066413133284
8,9,39,Device3,Location3,82.08999854584782,1.5436344694193416,0.7827873908850036
9,10,68,Device3,Location2,69.08707715940785,7.966006088977517,2.249678581805035
10,11,54,Device1,Location3,75.7961809198851,3.3076498919006205,1.0747722001605098
11,12,41,Device2,Location1,77.97481646806797,7.989336982413939,1.5924204055722493
12,13,24,Device3,Location1,75.13464276552426,0.04703256227400421,1.6367851607911958
13,14,42,Device2,Location1,39.20799503447044,5.60704814401895,2.8340696879405236
14,15,42,Device2,Location1,19.744130972614414,6.2943969736740515,2.9385775497049775
15,16,30,Device1,Location1,97.01308723819709,5.164821615867807,2.068522832185905
16,17,19,Device1,Location3,25.63101434252716,8.214864542445518,0.002437831451651107
17,18,56,Device2,Location1,98.03750792296569,3.7587694687775364,2.4015252184583504
18,19,57,Device1,Location2,10.218421144870193,6.079368028977137,2.664379994278933
19,20,41,Device3,Location3,82.69744528556832,1.1507740595516236,2.9468310440110392
20,21,64,Device3,Location2,21.151798175083204,7.665007676305846,0.05865540576353501
21,22,42,Device2,Location3,83.0948149569656,1.2673367578495753,2.5788099995760354
22,23,35,Device2,Location2,6.918480469264276,7.568210096312113,2.599912372785911
23,24,55,Device3,Location3,86.67029791268241,3.1716655708029196,0.5781560333746069
24,25,43,Device3,Location1,41.836342760868575,0.1464589114704462,2.515205764182195
25,26,31,Device2,Location3,92.4824873672622,4.49031209190413,0.14025506774566499
26,27,26,Device3,Location3,64.22793297140937,7.155915387250281,0.20797837589311696
27,28,27,Device1,Location2,51.63631465964503,9.011857362519038,1.7794878570635304
28,29,38,Device1,Location3,56.724055570824774,7.62539623486645,2.8956190059261346
29,30,69,Device2,Location3,53.64556379646819,5.493319970397181,1.4115699841479747
30,31,34,Device1,Location1,13.676993677909099,3.5687010796735805,1.1332760762900773
31,32,69,Device2,Location2,67.15683257222146,5.583053639174552,1.4923645162973667
32,33,23,Device1,Location3,17.87171067867662,8.85022254938579,2.9645772543796216
33,34,33,Device1,Location2,83.81754954184487,8.623791179037209,1.9916001723262626
34,35,65,Device2,Location3,6.290696125059469,0.09687626994602683,1.6485271927692866
35,36,18,Device3,Location3,95.44008805698272,6.735249529904653,2.376461223132298
36,37,36,Device2,Location2,14.895865113435768,1.5313172747293669,1.4223193250940804
37,38,53,Device2,Location1,15.547322094520776,8.037629300625152,1.502098601237005
38,39,42,Device3,Location3,7.008876386183527,8.450128571208195,2.322882680583138
39,40,67,Device1,Location3,14.981550352106332,8.63507663439217,1.4313518399373837
40,41,69,Device2,Location3,57.3993703808773,2.9059344838531675,0.3874038821304301
41,42,47,Device2,Location2,35.69039216345845,6.495107310236864,0.10027307793166329
42,43,37,Device2,Location1,93.38399881359636,0.9649519457358313,1.9294912920314318
43,44,37,Device1,Location3,36.63271609732551,9.74428049114032,0.3176240924681465
44,45,32,Device1,Location3,92.6141378321074,4.0942133081266805,2.664348521528014
45,46,57,Device3,Location3,5.8567407003825895,5.45016066477277,1.5104932571739287
46,47,50,Device2,Location2,21.99399737811387,5.0386328867368055,0.04684350894729816
47,48,19,Device3,Location2,84.26780117279151,6.359679703312296,0.8132952502775097
48,49,27,Device3,Location2,16.367307424149725,0.7815811932214112,1.7495056683181314
49,50,50,Device2,Location2,26.025253845028384,0.8992884027158254,0.9888635423874451
50,51,49,Device2,Location1,37.12173881144785,0.777490818105081,1.1423243700371382
51,52,28,Device3,Location2,58.41984694310223,1.8406569662204075,2.68026417211895
52,53,41,Device1,Location2,39.23111120730404,4.027072139677829,1.9469539213348814
53,54,53,Device3,Location3,26.817309885628916,3.9676676265497934,0.7439161434316821
54,55,29,Device1,Location2,48.694417644464835,3.1137542661392317,2.621067582429663
55,56,68,Device1,Location1,53.18590869870058,7.6823624275754065,2.521989602776033
56,57,46,Device3,Location1,96.24102746088313,8.444813005682732,1.918113497116241
57,58,52,Device2,Location3,67.59546155202632,0.9329896393119874,0.7318961592174057
58,59,18,Device3,Location1,19.217324610703955,1.2874413737493262,2.4337345108533093
59,60,18,Device3,Location2,76.13302760127992,0.1828524693870448,1.277604823889857
60,61,54,Device1,Location2,98.11417686583087,1.3603825089447075,0.8398963922643655
61,62,23,Device3,Location1,15.071514383450612,3.637027247938308,0.6473732053438035
62,63,56,Device2,Location1,16.22518102714009,6.099915258401463,0.7569691541600969
63,64,58,Device3,Location2,11.468098742884536,4.795848401942312,1.3704257159051096
64,65,35,Device3,Location3,29.07614696974765,9.723976921507035,1.850227532381518
65,66,33,Device1,Location2,69.5974218474343,0.10327919681390241,2.707730172622909
66,67,22,Device2,Location3,33.27768464981666,6.777751382291619,2.4834391991439917
67,68,59,Device2,Location3,9.545661555148033,1.780851713246544,0.6135512988457746
68,69,60,Device1,Location1,62.990186975377405,4.278757110956484,2.680483623849975
69,70,49,Device2,Location3,77.51382096086921,7.297901578615845,1.0341583578716373
70,71,19,Device2,Location2,40.50414902832373,0.5771898100505468,1.5543472232156574
71,72,19,Device3,Location2,66.68169497218386,0.8250346549422494,0.991452686687737
72,73,57,Device1,Location1,58.90311226367545,7.643551384641847,2.4449126266790535
73,74,59,Device2,Location3,64.36440135944645,4.065747351929873,0.3310113746190072
74,75,53,Device1,Location2,42.188213601046044,8.8470372668934,2.7699792328138595
75,76,56,Device3,Location3,47.70994842434486,4.641108632174177,0.6542800655747407
76,77,29,Device2,Location2,81.49496076199942,6.87239737790375,0.7735059076330132
77,78,64,Device1,Location2,58.7122004754833,7.306482721853726,0.5271269210021587
78,79,36,Device2,Location2,9.428810312492386,5.024062417612022,0.346973331014615
79,80,45,Device1,Location2,2.985370454329661,8.738809948951932,1.742630437438959
80,81,18,Device3,Location1,51.1251617982564,6.0903580172258405,1.3174058214983921
81,82,32,Device3,Location1,54.465982365138075,1.6404459126833792,2.450699557101425
82,83,53,Device2,Location3,81.61680877943147,4.615684288254296,1.0114834666246983
83,84,30,Device2,Location3,73.04368221946066,0.5169207063517789,2.3404690104897066
84,85,60,Device1,Location1,22.538291840805734,9.93969263587502,1.7589821476632141
85,86,38,Device2,Location2,79.35970421420603,0.5720755875071437,2.06292745190365
86,87,29,Device3,Location3,62.911562388228894,2.756612187491032,1.4117036962969784
87,88,22,Device3,Location3,23.327098256033196,6.741662803737272,0.8307484825095132
88,89,24,Device3,Location1,51.58733931854287,2.558955338283301,0.02211296180665856
89,90,22,Device2,Location3,24.002765926096416,8.310886361051066,0.7621494513734008
90,91,65,Device1,Location1,72.17228708771945,2.8483268066509746,1.713790182792618
91,92,21,Device3,Location2,30.186554081205465,5.8573008620873,1.5958006700860334
92,93,30,Device3,Location3,49.67444236088983,8.124309460339727,2.8952122018000988
93,94,54,Device2,Location2,89.81962818865021,8.142916778986365,2.1336478000763153
94,95,58,Device2,Location2,98.73613846139915,8.942370546896976,0.4783008780604986
95,96,32,Device2,Location1,95.78986540442234,9.710542068305156,2.9746871640668475
96,97,33,Device2,Location2,77.04663966166979,7.361258759575571,1.0362171346298203
97,98,38,Device1,Location1,13.620326481089439,5.894141401834623,1.7698194105728797
98,99,53,Device2,Location1,46.79470995987658,8.037993268238086,0.37383517917883546
99,100,41,Device1,Location3,96.82855167608868,2.3364474147743097,2.1304420522116967
100,101,33,Device1,Location2,35.300959194920765,3.9197023313673798,2.7909557258800333
101,102,31,Device3,Location1,15.949654858968664,9.104275683780074,0.9023852698837221
102,103,39,Device3,Location3,19.13125557315516,9.895510735996707,2.4285159560992584
103,104,66,Device2,Location1,54.93483220635136,9.66681102786842,2.924790596963322
104,105,67,Device3,Location2,2.1701811558233475,3.6865841436019364,0.9445140357984884
105,106,23,Device1,Location2,77.02614404054835,1.7489755608300162,0.453117738847453
106,107,59,Device2,Location3,39.25690233112999,2.8592192965807794,2.894569994633089
107,108,53,Device2,Location3,22.33582149742285,0.5156198450429272,1.8727631919712175
108,109,18,Device2,Location3,29.159667942541056,0.07813451793613702,0.4880745961793461
109,110,49,Device2,Location3,80.31440802914679,0.3555199808261622,1.7442591622756636
110,111,23,Device3,Location3,3.718114203719336,6.715035072621553,1.2868786641207
111,112,48,Device2,Location2,77.13208535196804,1.448560994161584,0.19020373467677654
112,113,18,Device1,Location3,76.2296912559739,4.767701957697326,2.679330884066136
113,114,67,Device2,Location3,8.154121909145696,4.210176635748138,2.506261505878796
114,115,68,Device3,Location3,83.10363890766934,9.170919797726969,0.6180351301623314
115,116,54,Device1,Location3,17.204216359185942,9.377427129660047,2.5033709020604884
116,117,52,Device3,Location2,13.643236902046961,8.263319063121536,2.364738205648147
117,118,66,Device3,Location2,16.640119617138872,7.819156377176623,2.2244179630062537
118,119,47,Device3,Location1,0.275800893123912,8.375899450816943,0.7181355601719199
119,120,21,Device3,Location3,53.34566892660394,9.301040832820364,0.1123654371614431
120,121,52,Device2,Location3,36.89758515986984,5.6621305494892,2.454205995404983
121,122,60,Device3,Location2,14.32532305588351,4.476101264355076,2.3611239239848247
122,123,31,Device2,Location2,86.87285769777596,8.364784184025915,0.5836695234820853
123,124,66,Device2,Location2,50.6201666407215,4.337982777351678,0.7920060188787561
124,125,57,Device3,Location3,34.87080688769927,2.8554436074148226,0.7317936124951416
125,126,39,Device1,Location1,53.27205784966398,4.922267800332491,1.5708400042918496
126,127,27,Device3,Location1,80.92119020835442,3.613314483713829,2.182922861523182
127,128,18,Device3,Location2,17.093480598410448,5.793508789007374,0.836253002125474
128,129,28,Device2,Location2,86.56766094662754,5.0107639225826475,0.5439337860880437
129,130,68,Device2,Location2,58.54447958296264,5.33562976814932,2.1543341007877137
130,131,61,Device2,Location2,61.55318945304358,0.41508546800119506,2.81306017536164
131,132,41,Device2,Location1,58.85421725406843,2.3816746319645077,1.0928612671391156
132,133,20,Device3,Location1,22.13191192150874,3.309086387208009,1.4498690683476672
133,134,52,Device1,Location2,18.473853877407866,1.0218250735274648,2.7416621133645904
134,135,53,Device1,Location1,47.73523158771608,5.984967410727435,2.3176962784241013
135,136,48,Device1,Location2,35.634273473911435,1.6907230969402487,0.5248811785157413
136,137,21,Device1,Location1,24.083634900404494,1.4497452072064754,0.6154511940098012
137,138,36,Device2,Location3,58.12692959460314,4.874296985019866,0.16079918241919455
138,139,64,Device3,Location3,85.61845904095897,4.369651854002509,0.8107588611029387
139,140,53,Device2,Location1,55.6897735850336,6.370763635396768,1.4199845888610652
140,141,38,Device2,Location2,90.65232294082665,9.700310320731962,0.9125990468787155
141,142,35,Device3,Location1,71.67950080833688,0.4049005208341694,1.4140741936961994
142,143,68,Device3,Location2,90.04372776336203,4.918812978899872,1.8481167954769182
143,144,45,Device3,Location2,20.171072740576356,8.15045893176332,2.79262040577255
144,145,32,Device2,Location2,58.733659963848616,3.480563587992499,2.770490362027897
145,146,59,Device1,Location2,35.46777492789197,4.082084035666471,1.8668041553172863
146,147,19,Device2,Location1,74.37051068242359,1.1244114168313657,1.0982766286443788
147,148,54,Device2,Location1,44.987966840681395,5.280847073411399,0.7736187689782893
148,149,28,Device3,Location3,41.21811569812747,0.5090368515957011,1.8208283460546202
149,150,40,Device2,Location2,14.297878261938546,3.021475833784132,1.941703151811244
150,151,61,Device1,Location3,35.45544746805908,6.6744834387597285,0.8039437556427624
151,152,58,Device1,Location1,66.7803445340725,7.498628400980759,0.17581795548448287
152,153,29,Device2,Location1,50.87725686817588,2.678393366922287,1.060566950274135
153,154,20,Device3,Location2,51.91319151483809,5.401916792340364,2.8636231922741056
154,155,69,Device2,Location1,64.81658723561755,5.236066605637532,0.6736439174707228
155,156,34,Device1,Location2,27.58375520697458,7.311855866077497,0.9306374282369022
156,157,50,Device1,Location3,22.074626138533493,3.8958463108257027,0.8785384933047432
157,158,18,Device2,Location2,96.77585797046285,3.2689399715956324,2.1040983693173327
158,159,56,Device1,Location1,13.78313022164549,1.1954365540506084,2.205036174246792
159,160,37,Device2,Location1,8.099818472507547,4.408772682681166,1.3329550077674688
160,161,64,Device1,Location1,70.36503457155843,3.2044223634555546,2.738455490403279
161,162,60,Device3,Location3,64.71253215727131,1.9594609556894205,2.1757395876408507
162,163,69,Device1,Location2,37.09732519780914,1.6297689125910908,2.6639376974515967
163,164,58,Device2,Location3,7.678624566611059,3.2983626106853023,2.5562911063938634
164,165,31,Device2,Location1,27.95299433788142,7.915164945083926,2.3177790412434107
165,166,48,Device3,Location2,6.222456998394055,7.8464074583629,0.9627922039862943
166,167,42,Device1,Location3,98.91213054377505,9.786304632912902,0.4105529646192342
167,168,20,Device2,Location2,69.54073532635351,4.196848232915914,2.019870376818214
168,169,21,Device1,Location1,43.18931001753774,8.871663514381483,2.100703465847512
169,170,48,Device3,Location3,91.97299731224628,9.336764600111277,2.2588192311435424
170,171,52,Device2,Location2,56.54457517118716,3.623499808013766,2.4319183968556652
171,172,61,Device3,Location2,71.12749724674929,4.884471325519364,1.1985800617254903
172,173,31,Device2,Location1,50.67697443669657,3.395026679885198,1.119608466013281
173,174,66,Device1,Location1,82.64779517197294,1.074245186992262,0.9473794231419345
174,175,58,Device2,Location1,98.24464933371218,4.0212062867618386,1.2992503869619334
175,176,26,Device3,Location3,41.212786074671406,9.633744191520364,2.6156637810017362
176,177,37,Device2,Location3,14.729732814485219,8.223148485326018,0.005743440447843584
177,178,49,Device3,Location2,40.18445179119395,7.618346504173234,1.6501985368823877
178,179,26,Device2,Location2,79.77119175799476,1.0092633939378892,0.6710762653031918
179,180,44,Device3,Location3,0.01867139325091305,0.10792003009174822,1.7209561836422758
180,181,20,Device1,Location2,95.45947821201767,1.3996706963087513,0.25866190313474036
181,182,21,Device2,Location3,66.25144745374962,3.8888887911833914,0.2541263597402952
182,183,62,Device1,Location2,31.064783815928067,9.21085723952732,0.5699595588901989
183,184,32,Device2,Location3,48.98213704220553,1.3336026813517898,2.955165956670089
184,185,50,Device2,Location2,26.407274368390144,5.724832108768516,1.9374878608907982
185,186,22,Device1,Location2,43.59312842664751,5.358005087000496,1.2929496336135726
186,187,21,Device3,Location3,63.821910003163076,1.6085469214969306,0.9046997246730887
187,188,63,Device1,Location1,67.40772889910438,7.926753822130568,1.7425061126961263
188,189,29,Device1,Location3,32.277334368034694,0.34863359174556297,1.35959477846614
189,190,40,Device2,Location3,2.2966240058829746,0.7873472277365978,1.3868052251919696
190,191,31,Device3,Location1,37.719432050918044,8.458116096711787,1.1544923071783555
191,192,63,Device3,Location2,37.53779976208822,3.4608132821201085,0.7237087838185811
192,193,29,Device1,Location1,41.202441921978185,9.840799369013993,0.25335348916818645
193,194,34,Device1,Location1,96.5725473173459,2.363719390248286,2.058568956606873
194,195,42,Device3,Location1,97.00969756192043,9.004788714914044,0.5317495840483483
195,196,47,Device1,Location2,14.871413285588686,5.738163156631014,1.27648559292134
196,197,39,Device2,Location3,91.34326099625223,3.9338516006581816,1.761742708870456
197,198,64,Device2,Location1,97.84596436578735,7.693576939834685,0.4405684157282831
198,199,43,Device1,Location2,25.664750671592774,8.398498790072477,1.7920790678848264
199,200,34,Device2,Location2,74.10239001954746,3.1260787669481394,1.086523501955939
200,201,37,Device3,Location3,17.545484988691605,4.768906134847991,0.766807063064538
201,202,51,Device1,Location3,47.19656387638128,6.756766523518714,1.6457973159764974
202,203,58,Device2,Location1,60.720459795889234,6.98087313482301,2.9671791121082234
203,204,50,Device1,Location2,17.95884802120623,3.003411821504469,2.305759046460051
204,205,54,Device3,Location3,54.718409352150985,0.9270437204222204,0.8557693860537683
205,206,24,Device2,Location1,73.88312953929218,3.911050155606187,1.5046074136658119
206,207,39,Device3,Location2,66.74177603024553,3.447052898875361,1.2182117417603358
207,208,49,Device1,Location2,63.07464943921074,0.8961728881200881,1.5763819899945153
208,209,31,Device1,Location3,12.04322422017594,3.9318862855467107,2.0746466792948435
209,210,25,Device2,Location2,95.63895140719681,5.711566698445605,2.3632249576990394
210,211,42,Device3,Location2,14.091704100718482,9.96337300607559,2.867350110449652
211,212,33,Device1,Location3,61.22380088432651,7.570088081961163,0.8851743068368024
212,213,59,Device3,Location2,12.953140106802618,3.3059145208946616,0.9727657670091381
213,214,36,Device3,Location2,53.97033392446859,4.1578357051374395,0.06712854534324975
214,215,58,Device2,Location1,86.743363003176,1.1815790442034846,0.898985949871888
215,216,33,Device3,Location2,63.02854315353994,8.046850127955693,2.8251272281339697
216,217,29,Device1,Location3,90.85866862805418,5.658091862680493,2.500198624191605
217,218,56,Device1,Location2,65.85442668863145,4.731925606490648,0.3569593546785681
218,219,65,Device2,Location3,45.53996993127578,4.547048392390074,2.8939198244550535
219,220,47,Device3,Location3,46.686226769936546,2.3255722406292123,2.663732124840166
220,221,19,Device1,Location2,21.163751122096798,2.7383913946184024,2.5742811646675965
221,222,49,Device1,Location3,95.38610280992988,3.2356921043742695,2.7719461496769857
222,223,62,Device2,Location1,31.09259945889722,0.01782016751021409,1.6019635886275778
223,224,42,Device3,Location3,39.99458796877432,5.414683351985826,2.91287017047521
224,225,42,Device3,Location1,2.9789543517147243,9.899125823153188,0.07859096847589708
225,226,21,Device3,Location3,38.80061107341174,3.2821730959775284,1.687289628902452
226,227,36,Device1,Location2,11.670575692413,4.776788062701657,1.1192849171619468
227,228,65,Device1,Location3,19.142554040691373,8.798235771526533,1.6922011806666346
228,229,21,Device2,Location3,78.95383055524736,5.345331063809768,2.695096238708349
229,230,60,Device1,Location3,47.219006442952264,5.952240975065008,1.3480961635397266
230,231,30,Device2,Location1,83.77390798621796,3.5815684760060984,0.68235631705197
231,232,56,Device2,Location1,32.28489055115804,4.754025730531284,1.0762202018058877
232,233,53,Device3,Location1,38.319610034972875,5.187004774410104,1.3371955040380334
233,234,40,Device2,Location1,83.21345892668226,7.624107742953486,1.3648010996973208
234,235,23,Device3,Location1,6.763153262585641,8.729706683743895,1.0134987320096929
235,236,41,Device3,Location2,82.0422451987177,6.636423078727786,1.3879395316788758
236,237,61,Device1,Location3,20.538995762185554,4.498675014890217,1.0395588155228035
237,238,50,Device1,Location3,65.49303821502518,8.447982343591086,0.9017531835268597
238,239,29,Device2,Location2,53.2869495661979,2.230015142092924,2.5837055243454645
239,240,58,Device2,Location2,78.92854892746224,3.513279155035911,2.5354913396929453
240,241,38,Device2,Location2,76.64978735303262,2.883311798110996,0.8520575519472859
241,242,28,Device2,Location2,57.54040089021274,4.269423588223683,2.6763158289687112
242,243,61,Device1,Location1,58.0689298656963,7.444735601196902,1.270981868406162
243,244,55,Device2,Location3,73.43610274640362,1.6767381617618293,1.0351716742493495
244,245,46,Device3,Location2,61.05632454438723,8.848783471030856,0.6431818801173048
245,246,65,Device1,Location2,55.899163623025984,5.593917594379812,2.1330127672542987
246,247,58,Device3,Location3,49.76953531173446,4.222150311613082,0.08743426902206974
247,248,20,Device2,Location2,95.7509805598397,1.3124892637125218,1.802474530962975
248,249,45,Device1,Location1,22.123994634263454,6.137440769351297,0.08393778232617044
249,250,37,Device3,Location1,43.70942456694995,3.176216801598273,0.8769821934782203
250,251,43,Device1,Location1,41.87873945710622,7.3072081382798,2.9190077438347823
251,252,41,Device3,Location2,58.65564053345904,9.762304250981567,1.7755046403959502
252,253,69,Device1,Location3,68.37829273359165,1.8634186779771844,0.8790406402280193
253,254,64,Device3,Location2,22.27711046344185,0.3684278899639526,0.8649984655317619
254,255,38,Device3,Location3,56.18576169108853,2.0264257801044137,0.37618341656385956
255,256,47,Device3,Location1,92.03887958101262,5.646648521915154,0.9924218710503018
256,257,21,Device1,Location1,23.43470932611088,1.310209894322878,1.350972495777291
257,258,53,Device3,Location3,11.080397111904217,3.7104495888744804,2.141160640798592
258,259,57,Device3,Location2,27.923241456580083,1.947782990540089,1.6999456383309859
259,260,27,Device2,Location2,55.27407362420389,7.2841530343315775,0.12540266890560503
260,261,27,Device3,Location2,45.24814831008518,0.032418596412127076,1.0379694200737384
261,262,59,Device2,Location1,44.038572490025544,0.40150332601810446,0.15299599472787184
262,263,41,Device1,Location2,65.41985646678934,7.3167438728134515,2.816284566449553
263,264,21,Device3,Location3,91.648539874649,9.685903137741189,1.2764535238699215
264,265,64,Device1,Location2,18.586265267449054,5.905277965389887,1.7964706463466138
265,266,44,Device2,Location2,34.85736341592089,0.7413329875624464,2.190849681882648
266,267,68,Device2,Location3,38.516501368095255,7.974169639365617,0.010712758127756072
267,268,62,Device1,Location3,15.337034709900133,0.26838178745214103,0.31685064095950854
268,269,21,Device3,Location1,89.05047547177286,1.999900022820793,1.6086055879856818
269,270,49,Device1,Location1,93.24434169411349,4.741244931587874,1.8035804703790714
270,271,27,Device2,Location2,99.92080001880441,5.985164510447496,2.172920015801368
271,272,28,Device2,Location2,23.72080631818536,4.023407578294518,0.3442585795753945
272,273,45,Device3,Location1,7.1751902475661655,6.383377074253918,1.0717687520057493
273,274,63,Device2,Location2,14.837357325787504,5.223271169586728,2.240344259188637
274,275,25,Device3,Location2,82.08656496687533,9.072932156271674,0.7175559906363059
275,276,57,Device3,Location3,92.96781803005652,9.994264331840583,2.9024254000622967
276,277,39,Device3,Location2,35.58980766566505,7.301937562123037,2.9233547130486137
277,278,51,Device2,Location3,96.24961709737397,0.8716899598234362,1.456518272724304
278,279,62,Device1,Location1,79.69515928890308,3.29888139303105,0.3908694259897767
279,280,52,Device1,Location2,35.34927179146139,5.216941745098209,0.05575234783556515
280,281,52,Device2,Location3,85.09529152218319,2.6225843310194676,0.35466416102917253
281,282,42,Device1,Location3,64.10056998489986,8.73724751277538,1.1292588192148725
282,283,51,Device1,Location3,44.648358279819725,1.9647403037171096,1.014303346454581
283,284,23,Device2,Location3,45.19255832247049,2.0446673652954903,2.318411206820695
284,285,58,Device1,Location2,96.2119767637906,9.04967641438408,1.7092875793938545
285,286,54,Device2,Location1,29.302283646682593,6.693431225098726,1.3163816068732352
286,287,18,Device3,Location3,66.96948317941252,6.166942527637177,0.4234273472708625
287,288,29,Device3,Location1,80.42101857588106,7.067532236672456,0.4346375254156326
288,289,52,Device1,Location3,38.538345238243906,2.153884465515583,2.283495650475921
289,290,23,Device2,Location3,46.42900130651147,5.863659457061223,2.8163169302101845
290,291,34,Device3,Location3,64.22713696576795,6.893653106130019,0.7706700867720044
291,292,26,Device2,Location1,58.77812262301637,2.563251927959752,1.5859380549886808
292,293,19,Device2,Location1,73.32258718921955,8.402721061132976,2.459648756669755
293,294,35,Device2,Location1,85.56465214347455,5.544168458653033,2.420701294426911
294,295,66,Device1,Location2,54.17433181644618,5.023797226959373,1.9285722731101214
295,296,53,Device3,Location1,95.941959256971,8.614708510618419,0.12878801592566858
296,297,45,Device1,Location2,28.11355903819611,1.8734205732634135,0.47384270678235263
297,298,58,Device2,Location2,6.6756798651742555,0.19240441294699595,2.5214026820411055
298,299,54,Device3,Location1,38.43537322902954,7.705388421615888,2.435940869158652
299,300,66,Device1,Location3,96.4092942821416,2.2139215618128203,1.9998018400656452
300,301,43,Device3,Location3,76.39333645192852,1.1343235421223707,1.7316568432161472
301,302,21,Device1,Location2,19.689198987786817,2.5333382629284773,0.8002554505057762
302,303,57,Device2,Location3,97.9705637053056,1.57421454563074,1.9900058277562895
303,304,53,Device3,Location3,70.24173402529652,2.6506002982769084,0.3222900733526184
304,305,68,Device2,Location2,79.92359260698854,0.8901015062020712,2.8610281998443634
305,306,48,Device2,Location1,5.386910418759783,4.81267004875705,1.721815263578717
306,307,47,Device3,Location2,72.2657415317539,6.941473860035723,0.22033585595834715
307,308,67,Device3,Location1,48.362630578200424,9.063729869415143,2.5794467025691157
308,309,51,Device1,Location1,79.4926317658378,7.454220499386234,1.6960755375996304
309,310,36,Device1,Location2,71.60577123096495,1.087185514151806,0.676769002148569
310,311,35,Device2,Location3,17.641876141359948,5.351506333593106,0.1366380861824278
311,312,47,Device1,Location1,91.8720048459746,0.7932214768540713,2.953670097078593
312,313,38,Device3,Location2,57.770646285168624,5.727787650681475,1.485535305779011
313,314,20,Device3,Location2,38.572611046047236,5.283502776941749,0.6720795050104258
314,315,23,Device3,Location2,22.77063971733957,0.06517467110732422,1.7278774951483493
315,316,55,Device2,Location1,78.35391952222574,7.538132799757005,0.5796017390742624
316,317,30,Device1,Location3,97.07023907775746,6.4142505440933135,0.788471463493386
317,318,62,Device1,Location3,73.55203736373997,4.537550557286567,2.7746136261228957
318,319,20,Device1,Location2,60.98636151904929,9.189667085961204,0.9125746033591761
319,320,65,Device1,Location1,95.03362098625175,4.526047761580443,1.5855022153102145
320,321,45,Device1,Location3,71.15716001488786,4.61103133870198,0.8786440286413509
321,322,39,Device1,Location2,45.647264784091554,1.62696272879154,1.250652760381644
322,323,57,Device1,Location3,32.16538414437973,6.649052304302189,1.7717919159532314
323,324,57,Device2,Location3,18.870536624168153,1.6851253108082298,2.2858824664323616
324,325,29,Device1,Location1,87.36807502382725,3.096375642939634,0.02421605909425739
325,326,40,Device1,Location2,72.28892195082052,6.991912081060323,0.6416129216286417
326,327,48,Device1,Location3,97.80789135777138,3.060579219477887,2.4093392211030404
327,328,35,Device2,Location3,7.520338074537225,6.0282154058718564,0.7940093383414386
328,329,24,Device1,Location1,31.47240583032893,9.767110996421522,0.33719933432498406
329,330,25,Device2,Location1,40.646254204311504,0.4311824505924189,0.9960691874597463
330,331,36,Device2,Location3,96.25423515918257,3.94207890645633,2.039695873679045
331,332,46,Device2,Location1,59.07865838384338,8.997348621633808,1.956466587339859
332,333,61,Device3,Location1,68.00837840490205,5.898681229750515,2.54714570652055
333,334,37,Device1,Location2,27.086236867557133,9.417750970584057,2.8222936473037348
334,335,67,Device3,Location2,25.748830652559608,9.504650153356877,2.019068994248883
335,336,59,Device1,Location3,34.27717162680553,8.274282541238485,2.5806707605521133
336,337,47,Device2,Location3,8.399694727815731,3.4791933964186352,0.7880613626975217
337,338,64,Device2,Location3,93.95155931013467,0.26721119318196207,1.327580335176266
338,339,39,Device1,Location1,40.5161059064209,9.538058590223917,0.9536690034238341
339,340,27,Device1,Location2,20.050161740114312,2.040805865246443,2.307881224190163
340,341,43,Device2,Location3,34.38140353733791,2.4258177191249453,2.2441662519223327
341,342,68,Device1,Location2,19.57890376873488,6.659045897269159,1.2039629176021063
342,343,50,Device1,Location1,25.583927833607444,7.021824754866683,1.9994349188470182
343,344,45,Device3,Location2,75.75959669232927,9.590183639767156,0.03917379113921404
344,345,27,Device2,Location1,23.80220452308389,5.952665255862531,2.7197298999861923
345,346,46,Device3,Location3,69.88434313256157,4.403299555840091,1.268468512491955
346,347,61,Device2,Location1,59.33655194746951,1.2438133122346973,2.7188767136432075
347,348,35,Device3,Location1,14.508289410838792,8.57410339775392,0.13661009211230213
348,349,59,Device1,Location1,76.37086131477744,0.44264855390493185,0.2506635929915464
349,350,18,Device1,Location1,85.28724946344481,8.52229115063022,1.4996493543882083
350,351,40,Device2,Location3,95.59874580863233,3.3631396056676746,0.6663284675151068
351,352,34,Device2,Location2,95.8999349422667,9.080293414023007,2.1905327404145054
352,353,60,Device2,Location3,70.63707974895618,8.50622832507647,2.048664304656828
353,354,54,Device3,Location3,29.13445390088062,6.989247609023151,1.892002634608172
354,355,48,Device2,Location1,3.7911668278123423,0.21341383305671702,2.522980031761831
355,356,42,Device1,Location3,39.02304190833069,6.9166559867243365,2.5397405214781235
356,357,21,Device2,Location1,73.31266083605983,5.618249437494095,0.8122074148146388
357,358,69,Device1,Location2,94.06386129939067,2.5218326721976436,0.6625922020052074
358,359,26,Device3,Location1,11.354036240855326,5.768697858615281,2.0324180939053615
359,360,45,Device1,Location2,54.224194022969016,8.49543796761894,0.32792665355365636
360,361,47,Device1,Location3,47.477371783666875,2.1065162422647576,0.6067390936330006
361,362,64,Device3,Location1,4.572830433240727,3.396483468348588,2.6697223279253675
362,363,41,Device1,Location2,65.0677420127789,0.8831082199890272,1.9271740044696553
363,364,50,Device3,Location3,87.25796926421935,7.78373953965882,0.5894858909038696
364,365,37,Device3,Location2,46.18526066430578,0.9934307213456661,2.0541503233581784
365,366,26,Device3,Location1,52.32657225769233,9.119904710948296,0.5600652109409631
366,367,25,Device1,Location2,17.778986905861373,5.108555601106906,1.9132512487805329
367,368,41,Device3,Location2,12.111848966472937,2.7325229587154807,0.6509160739823524
368,369,31,Device2,Location2,61.384784340424424,0.7002644755922904,2.14093436145514
369,370,35,Device1,Location3,71.64101248607516,8.177907578326755,2.9466456232954554
370,371,18,Device1,Location2,28.750337288184056,3.9228861690437555,1.4744993028098703
371,372,29,Device2,Location2,49.94505065273486,8.848291627802794,1.9855059274021571
372,373,46,Device2,Location2,95.80593879308485,7.205515754770517,2.997944115130265
373,374,54,Device2,Location2,3.332354270115867,0.8415431203200696,1.2043985221319606
374,375,43,Device2,Location1,23.58134164701342,7.7212499280105105,2.434210464015069
375,376,50,Device3,Location1,10.305325367672324,8.226302461820598,0.30662139645374964
376,377,60,Device1,Location3,82.199243257057,1.0018511110802708,0.0352096129405397
377,378,32,Device1,Location2,99.22434545923018,6.702483730956056,2.897131380896334
378,379,40,Device2,Location3,15.972900663403822,2.2098103438623173,1.8230147303900195
379,380,46,Device3,Location2,75.19009030807004,3.3535172861352827,1.1092821823872006
380,381,38,Device3,Location1,28.737897488801423,1.4040684675188353,1.3697741951059377
381,382,36,Device2,Location2,32.8744651120031,0.4379776410449121,0.31649140716157764
382,383,22,Device2,Location3,92.98480944739104,8.575064636273748,0.08534801384281554
383,384,40,Device2,Location2,71.25231372027768,9.328824379767134,2.269713452776644
384,385,53,Device2,Location1,81.20745035873878,7.217725998902571,1.607627046197381
385,386,37,Device3,Location3,45.47614375911113,1.643770110365107,2.697335640398242
386,387,25,Device1,Location2,32.72626783101743,0.009129195408695834,1.8348889717187111
387,388,26,Device3,Location1,13.830674632917205,3.6346715164278987,1.4045297815504747
388,389,31,Device1,Location2,62.53781797547743,5.453139942248813,1.789178935675472
389,390,23,Device1,Location1,67.98350736566132,4.169634544238936,1.923998825998041
390,391,18,Device1,Location3,93.0397429092335,6.675590128316528,1.0124122882453743
391,392,26,Device3,Location3,12.515393813320452,2.7836339305964533,1.89218583924798
392,393,33,Device2,Location2,73.70604461513605,2.899526427392588,1.0179986449885468
393,394,33,Device2,Location1,54.65400163197721,0.06060533444845917,2.7234733214168756
394,395,29,Device3,Location3,45.73301067701122,6.415172971857807,0.6679893625360587
395,396,22,Device3,Location2,75.29183799346751,8.45983873461537,0.7312289567882906
396,397,57,Device1,Location2,60.727551523315014,9.16243044521289,2.2204257630757303
397,398,46,Device3,Location2,10.275444369604624,5.871565138465034,2.3321951080791354
398,399,63,Device1,Location1,41.9156398250621,1.9165313471828094,1.5443341359781306
399,400,44,Device3,Location2,99.5670193635887,4.1032150615359075,2.054122084880854
400,401,28,Device2,Location1,76.7555224088327,3.576843505546594,1.005529566083276
401,402,64,Device2,Location2,76.25803781772679,0.5729147960318326,0.6938504617899888
402,403,67,Device2,Location1,92.22061356406637,0.14082689303173246,1.927302105403955
403,404,45,Device3,Location2,72.93854682190928,3.105417191977139,1.5752658116125762
404,405,69,Device1,Location2,84.79846900595416,7.092994878326765,2.6753102334519374
405,406,53,Device2,Location1,40.1083414071136,6.509365017440219,1.4634020158672605
406,407,59,Device1,Location3,40.014465895369966,7.652645838667374,0.326639532200654
407,408,36,Device2,Location3,95.70318254248033,8.752354231023467,2.37252372465805
408,409,52,Device1,Location3,75.74936401354051,9.48809261422886,1.1106585954738153
409,410,69,Device3,Location1,47.13154529250501,7.981220238507632,0.7535959044711066
410,411,48,Device3,Location3,48.959663034314985,0.4056811389181203,1.6207812268011121
411,412,61,Device1,Location2,1.6590752458605973,9.685986108727517,0.31530590423276794
412,413,36,Device3,Location1,22.973358899213192,3.1472779882145465,0.15917207331343086
413,414,63,Device1,Location3,47.130218809742495,8.837968213329098,1.8543951691451666
414,415,41,Device3,Location2,29.37987394525844,1.34412531126334,0.11536353286360701
415,416,19,Device3,Location2,98.18160859639553,6.556943004099849,1.8099166593291534
416,417,24,Device1,Location1,11.552222031708181,3.212647337412038,0.7773582754991133
417,418,60,Device2,Location3,50.55579969911202,7.94090342182135,2.896481920041488
418,419,66,Device2,Location2,0.9912599002858347,1.2854083416748963,1.5449277595478117
419,420,48,Device2,Location3,27.251838726693933,5.079458456794869,2.321616944978253
420,421,34,Device1,Location2,22.443086745723818,9.820588793308577,1.3208484362200044
421,422,44,Device2,Location2,60.508932519324375,7.256245375587448,2.821850662921534
422,423,53,Device3,Location1,88.72189456093022,1.2709534772259246,0.06177143571606203
423,424,67,Device2,Location3,56.644349719299484,6.58217278974056,2.706205040398898
424,425,60,Device3,Location2,64.41025446494464,6.713966767634144,0.30262879549640564
425,426,27,Device2,Location3,27.99233821168634,8.257813354824565,0.07642801076831407
426,427,62,Device2,Location3,30.88664887967655,2.9673180793881624,2.5112381099923216
427,428,31,Device1,Location3,49.900524278960056,1.4682032519070198,1.5366613619775435
428,429,24,Device3,Location1,56.855966347549646,8.46714525372859,0.013295140898595958
429,430,56,Device3,Location2,54.632892066559826,3.6485731309179084,0.2945164603693361
430,431,57,Device3,Location3,26.004634657039794,4.392749737328522,0.40137100518966873
431,432,26,Device2,Location1,14.597339045716506,9.598271493776032,1.1386550530304866
432,433,31,Device2,Location3,36.837236397224046,4.584911621831491,2.7815125440332933
433,434,25,Device1,Location1,78.41194815027248,0.8161388804475533,1.183303836792899
434,435,34,Device1,Location3,59.613301973768785,6.610279760578716,1.9011143902714225
435,436,40,Device1,Location3,18.187303979852487,7.167789100269627,2.95704767319622
436,437,33,Device2,Location3,23.321773997246854,4.672794063146592,0.9524398036118259
437,438,43,Device1,Location1,90.41922273922056,7.0301515265369305,2.0772014434899595
438,439,26,Device3,Location1,39.61878473951832,3.960852087391692,2.6116405428456058
439,440,53,Device1,Location2,85.37008950604815,9.006468712392104,0.692690796831895
440,441,24,Device2,Location2,97.7471097459519,7.705965824125336,0.32336821982397357
441,442,35,Device1,Location1,35.786729925057884,2.7930986863260276,1.5255587036458882
442,443,25,Device3,Location2,1.2917682763974647,4.721517003896322,2.822027374136491
443,444,38,Device3,Location1,72.7788750592016,7.221997326522426,2.6106349808100027
444,445,43,Device3,Location1,48.543813533456074,5.3417475001835255,0.6514075181508124
445,446,20,Device2,Location1,88.74218163011605,5.199397932264411,2.8351935002299005
446,447,34,Device3,Location2,16.922909038690193,8.425385537528026,1.2034490165356118
447,448,68,Device1,Location3,24.32475502126199,6.5270313187530995,2.5651874216568373
448,449,63,Device1,Location2,47.16417357681792,9.404710681772723,0.320402115934484
449,450,41,Device3,Location3,13.577579001831186,2.7158615220545346,1.2377041228801475
450,451,42,Device2,Location2,36.0333998408083,0.9973276302503853,1.6299501844434732
451,452,22,Device3,Location3,1.5563724730939699,1.8598307522762192,1.8004994195544368
452,453,54,Device1,Location3,80.17804307853092,1.898276936002884,2.682725767591311
453,454,62,Device1,Location1,10.070408158219157,5.541987569863228,0.9620664452594625
454,455,67,Device3,Location2,59.58579436462104,5.119206087812057,0.3981634366085246
455,456,41,Device2,Location3,26.22313130237879,5.940197282393646,1.4182028247862903
456,457,48,Device1,Location2,3.0014971255053924,2.0105652864615076,0.2702023392700825
457,458,43,Device2,Location1,10.969515288532294,2.392833822201287,2.5302092947666006
458,459,38,Device3,Location1,69.9215167873968,0.5695627171270412,1.585040979810497
459,460,51,Device1,Location3,89.10623143547654,0.25321537915803494,0.6869324842903006
460,461,55,Device1,Location1,5.467774925692403,3.5545096226895567,0.3920177256785684
461,462,41,Device1,Location2,28.14366442134969,7.463145473204128,1.7732449951010474
462,463,45,Device1,Location1,39.84317060739332,7.001114244657658,2.2550251579634013
463,464,47,Device1,Location1,97.86826215250231,6.653107692052892,1.1612014418865468
464,465,51,Device1,Location1,44.266794756830976,0.21470406518858898,2.34184208099488
465,466,69,Device3,Location1,82.48608765285228,9.48520214301828,2.022861364044597
466,467,69,Device1,Location2,28.111987606693457,3.4039746630244796,0.1492369280774225
467,468,40,Device1,Location2,46.816970752746776,4.341074727279754,2.158960925346673
468,469,25,Device3,Location3,82.58616403155806,8.012532662971918,1.7242559974136764
469,470,59,Device1,Location1,76.86920896939245,0.91529595639813,2.7548578950683043
470,471,67,Device1,Location3,23.856602572266784,1.7685258646724256,0.28066921319326477
471,472,27,Device3,Location3,25.271748777558923,3.2561195281039392,0.5255062771260377
472,473,18,Device1,Location2,54.8472985132384,8.433858654270912,1.9929346774625245
473,474,37,Device1,Location1,93.80150047976812,6.857822728605849,2.5600528774924887
474,475,54,Device3,Location1,11.992793797598456,3.5839439722173427,0.6252973599592098
475,476,35,Device1,Location2,77.20619880324344,9.333657948696235,2.845120210441568
476,477,38,Device3,Location2,73.76005448122118,7.837013517483892,2.662191466026621
477,478,66,Device1,Location2,85.07756472326466,0.10447354487892913,0.29661531886023795
478,479,21,Device1,Location1,88.92003677540366,4.502904662184762,2.835653950581803
479,480,60,Device3,Location3,88.3425456709705,4.2506968061385795,0.7240935247380302
480,481,19,Device2,Location3,90.0915898603207,2.355999301051516,1.8793700485330902
481,482,38,Device3,Location1,98.07048401602006,2.817534630608156,2.0850066009972794
482,483,54,Device2,Location3,33.24295407771456,6.828468612417399,0.9914051203632784
483,484,22,Device2,Location1,92.90113286766231,2.404485209815527,0.18586430334625859
484,485,34,Device1,Location1,94.75603114809199,7.403305493349772,2.0326118275941276
485,486,66,Device3,Location2,64.81822785294827,4.694070062562323,0.3655802705543505
486,487,65,Device2,Location1,66.45907440712826,0.7965339318575804,0.09265926354256881
487,488,28,Device2,Location2,35.85585546461532,4.065332056985433,2.2410427172367164
488,489,63,Device2,Location2,74.53039257574423,7.915157401668919,0.33247057651521605
489,490,58,Device2,Location3,60.2560945535233,1.2925761940159608,2.4335005935945286
490,491,48,Device3,Location2,78.63189771806526,5.026855897591135,2.967236544246569
491,492,45,Device1,Location3,15.351360575498784,1.8631861527023796,1.2110491347341257
492,493,61,Device1,Location1,81.45926584868197,9.263587489569264,1.9380673990882284
493,494,49,Device2,Location3,72.33816185079431,5.485033394776995,2.789820454809477
494,495,38,Device1,Location3,54.59453059479227,1.6526541735603228,2.7506891568193357
495,496,24,Device2,Location3,25.971651395090966,5.590480729002114,0.9385523191464794
496,497,27,Device1,Location1,9.767420497731816,9.585913345572976,0.08147815124004143
497,498,45,Device1,Location1,48.483331690666574,8.297660447745606,0.8632407761862614
498,499,65,Device3,Location2,14.462155907453855,3.4010682940846015,0.557633148406443
499,500,53,Device2,Location1,76.1773167168019,7.43604624737905,1.0675479203834757
500,501,37,Device3,Location2,92.45589331753298,6.864476241430553,0.8522876787173412
501,502,30,Device1,Location1,82.03213035248098,7.482658729495841,2.5291374483846285
502,503,36,Device2,Location3,33.04589094697634,4.834847099650595,1.5733883606762373
503,504,67,Device2,Location2,14.600434863649149,9.190177614044664,0.38818285932968777
504,505,28,Device2,Location1,0.7913253289598021,3.725722714438654,1.15731061531636
505,506,52,Device2,Location1,66.36581318368606,9.625400957607726,1.9978443607707588
506,507,51,Device2,Location1,18.76120792108017,1.2242659573336778,2.6489538004538566
507,508,61,Device2,Location3,71.65543241648112,9.32485184258682,1.3835571395463564
508,509,21,Device1,Location2,57.543281449971,7.62296046751951,2.7544397685913293
509,510,30,Device2,Location2,47.00174829462942,9.552030150978979,2.3889773519498627
510,511,54,Device1,Location2,76.75392416193176,5.536335296465014,0.2275922671173527
511,512,19,Device3,Location1,98.1066222940361,9.366830307015048,2.4385700269486947
512,513,67,Device1,Location2,12.859414493097166,1.696102091942121,0.27453159687307005
513,514,18,Device3,Location2,55.05186880730702,0.29897267064084576,2.7456486172338774
514,515,57,Device2,Location1,31.322288531522847,7.006655499201974,2.1535083023279014
515,516,42,Device1,Location1,2.7955380229443882,8.634911421220883,0.6989724455505885
516,517,54,Device1,Location1,2.93462669194976,8.9689093692118,0.5070340683625602
517,518,53,Device1,Location1,57.76220045897807,0.6147149777818939,1.3789174974949097
518,519,23,Device3,Location3,8.291544320366118,3.5323246141602693,1.949069691318963
519,520,24,Device2,Location3,4.392826228233493,4.443046675159178,0.6107567110095508
520,521,21,Device1,Location2,17.28785337287241,9.262241644839571,2.871332484637372
521,522,52,Device3,Location3,45.9864680163911,2.9293834516801667,0.44661943365841394
522,523,58,Device1,Location1,50.0767659479403,6.8837571778463325,2.580061031269593
523,524,51,Device1,Location3,91.52665197395412,2.198891623446575,0.7844996524760732
524,525,46,Device1,Location1,41.966918426416676,6.1272676988002495,0.1367111800368822
525,526,22,Device1,Location3,10.777881408818379,1.131233705088387,1.8115888354765541
526,527,44,Device3,Location1,23.091592447466624,7.5454665967353876,1.3062335467075288
527,528,50,Device2,Location2,94.54086862291832,0.44549429654434536,0.9133780587688837
528,529,63,Device2,Location2,59.515203818704606,9.983431874043555,0.9607767180301804
529,530,69,Device1,Location3,35.53426161530129,8.014050513735947,2.035890939806751
530,531,27,Device3,Location1,89.27115179196812,6.1269665300529255,1.4146040542843437
531,532,23,Device2,Location2,30.057420613818365,7.685004236289757,1.4886109593892884
532,533,51,Device2,Location1,88.10947001037039,0.030264977100408208,0.15622250154118777
533,534,25,Device1,Location3,12.113373262755701,4.283951162255758,2.098817627953671
534,535,48,Device1,Location1,93.82293572294633,5.936221483154945,1.5455759597267236
535,536,26,Device3,Location1,93.76863574360613,9.76201382133374,2.38646484428625
536,537,38,Device2,Location3,34.52698491688009,3.6586347567046507,1.6293663700004026
537,538,25,Device1,Location2,1.7548760207973246,9.70491001007735,0.7764214709382021
538,539,21,Device3,Location3,35.30414342252241,5.15549267590671,0.37863097845458815
539,540,39,Device3,Location1,18.081101523469556,0.6938163594503888,1.5356364864065568
540,541,45,Device3,Location3,26.606710144373345,6.165009635159158,2.863030435165911
541,542,62,Device2,Location3,62.568287726914285,8.220834171521945,0.5455086697796084
542,543,21,Device2,Location1,44.30981856449206,8.871344996347489,1.796043152326114
543,544,56,Device2,Location3,73.63126921193683,5.288354683386266,1.7286953498766857
544,545,38,Device3,Location2,63.703703846876344,4.448164377973073,0.8295220387744773
545,546,25,Device3,Location2,30.055720552985797,6.380919136819086,2.393375457501855
546,547,37,Device1,Location3,32.38765385320617,0.624091046792582,2.0911680185808983
547,548,49,Device1,Location1,79.81464066514448,9.417294130750536,1.532934967891484
548,549,18,Device2,Location3,53.21630482223539,2.3990837307447785,1.8708058074901406
549,550,23,Device2,Location3,12.73805927994307,6.273735797880127,1.9403842805710805
550,551,45,Device1,Location2,58.67231170319713,6.035445704473369,2.8794983367727056
551,552,61,Device2,Location2,13.797893874112432,7.216945036435396,0.6080786830397017
552,553,48,Device1,Location1,86.87081651119821,8.535318592447187,1.6480747031528853
553,554,27,Device1,Location1,12.927019493137893,2.5268550226249187,2.528977602010168
554,555,37,Device1,Location1,66.94081198913719,2.069238137792022,0.3584195231065602
555,556,25,Device3,Location3,89.68103716642098,7.4623142692758915,2.970504049976252
556,557,39,Device2,Location3,9.81235254509205,1.864886985455927,2.2788383326265578
557,558,55,Device3,Location3,53.023217991510094,9.560428100523692,0.74558993101386
558,559,46,Device2,Location3,95.80908736851642,1.972559945948279,2.9243238780233685
559,560,26,Device3,Location1,27.79427788119584,5.264695786908023,0.6854888289566841
560,561,61,Device2,Location1,28.10679399476984,6.562720579367877,2.588911651996982
561,562,64,Device2,Location1,47.00524001631885,1.7067206740307483,0.7396730682000117
562,563,18,Device1,Location3,94.77032937252791,3.859427997317254,2.4555134862744747
563,564,58,Device3,Location3,80.10136921584467,7.790762536702439,0.9801371346831834
564,565,69,Device3,Location1,27.11856325092864,3.0015537974028392,2.9885962456113084
565,566,56,Device2,Location2,23.1585356349136,3.4419812680714914,2.44488603496632
566,567,43,Device3,Location1,19.861675008444745,2.0412124943472456,0.7639903269265262
567,568,28,Device2,Location3,42.97254996178557,7.585491125199927,2.2834785013309595
568,569,69,Device2,Location3,80.79056781049219,2.3947919475107406,1.7211852663253053
569,570,52,Device1,Location1,15.230220596863441,2.708401836810589,0.6974108745634972
570,571,41,Device2,Location2,61.70596792638465,4.908796486111208,0.34763834331518695
571,572,50,Device3,Location2,47.22903862895588,1.9179071550673699,1.3322022882962838
572,573,37,Device1,Location3,64.63208098872278,2.2962485397195076,0.5004340948874508
573,574,44,Device2,Location3,40.34851981773661,9.262283358905046,2.526483537646424
574,575,32,Device1,Location3,75.98222111880885,8.02081287089904,0.9657958800183201
575,576,50,Device1,Location1,32.1007527361849,2.6861173981142974,0.4753526177986168
576,577,69,Device2,Location3,72.21673932959276,6.991091802786022,2.164344271000662
577,578,24,Device3,Location3,95.96583803377433,3.642537079770729,0.7289161649480428
578,579,51,Device2,Location3,57.92417513872286,4.25025621263039,2.0553285403311743
579,580,62,Device2,Location2,63.45606678753152,7.058593983012416,1.1982084993359448
580,581,68,Device2,Location2,52.48011997585795,8.054577085938487,1.167273951437679
581,582,63,Device2,Location3,48.59503769750728,2.6355294557678577,0.3116235253121693
582,583,59,Device2,Location2,16.854681952346773,1.737525773915709,0.003960280366898994
583,584,22,Device3,Location2,68.7548957563442,4.398990481684431,2.8389483564500075
584,585,47,Device1,Location2,60.617186381248686,2.515993054316499,0.02540717758926181
585,586,45,Device3,Location2,55.28857604818299,8.038453618794522,2.224600007635072
586,587,35,Device2,Location1,30.64269786968398,1.689128785955536,2.0475162283778667
587,588,53,Device1,Location2,39.449140807009364,3.267755759449551,1.2673308032618178
588,589,20,Device1,Location2,43.31938558454651,1.9319963688118091,1.6224997916082586
589,590,38,Device1,Location2,65.74850962962141,0.33144245137811,1.296166566727579
590,591,63,Device3,Location2,72.58936267585587,5.839593658221669,2.052587231659447
591,592,33,Device3,Location1,31.29534571101282,7.8003379956325585,2.163644303071548
592,593,54,Device3,Location1,61.47364965366232,8.177282489565588,0.8448901232280779
593,594,59,Device2,Location3,37.037426869160925,6.884698736687168,2.5482609325796863
594,595,22,Device3,Location2,48.521167305300516,7.628027895489815,1.5593977003352646
595,596,67,Device3,Location2,8.191750017650257,4.4356522542395815,2.534109339624105
596,597,68,Device3,Location3,57.86776243621785,1.1430504853390577,2.796036126785955
597,598,31,Device1,Location1,89.64421192282558,2.720638782742318,1.4931710807296326
598,599,48,Device1,Location3,95.34053465033483,5.607358225071297,2.2861004861287024
599,600,63,Device2,Location1,33.463513117034594,9.298806230841924,1.641419711554082
600,601,41,Device1,Location3,17.012610063108625,6.799622373862481,1.2632820684381545
601,602,52,Device2,Location3,97.66405959313926,1.8479757244924222,1.1744958609230283
602,603,53,Device1,Location2,79.67050019462197,4.6454490593076025,1.7503352681009705
603,604,27,Device2,Location3,29.31764521824164,8.374008594608217,1.1455111550566186
604,605,44,Device2,Location1,0.44900439730064523,0.9677041750629767,2.385237982009409
605,606,44,Device1,Location1,26.420426422417275,0.791596483067839,0.6219781646247968
606,607,40,Device1,Location3,95.49452669146841,9.374877862437177,0.8139500284814392
607,608,30,Device3,Location1,47.42667929910924,8.73428753728782,1.613871720965083
608,609,33,Device3,Location3,29.43140138776522,4.286448527135037,0.9009548259005006
609,610,52,Device2,Location2,34.239271585671084,7.2404238550876,2.126433267227537
610,611,44,Device2,Location2,22.919683496941843,7.843525914199828,1.600010613984237
611,612,69,Device2,Location2,56.530440581048566,3.3035861179472183,0.2607519390428862
612,613,56,Device1,Location2,21.716706413224195,4.362345681847715,2.271079083458747
613,614,64,Device1,Location3,69.5891552714483,8.60662522225439,0.6586349413284647
614,615,34,Device3,Location1,47.2763112802699,0.13369136299698603,2.8311167116425153
615,616,65,Device1,Location3,15.900980740939563,3.3830799031368386,1.3121861307590375
616,617,58,Device2,Location1,98.84063415798207,9.707110350266623,2.2181356933647214
617,618,18,Device3,Location3,39.77297631197415,4.582199276536752,2.3566473445176204
618,619,28,Device1,Location1,38.94396675072025,4.054187844855552,1.8260384185077472
619,620,29,Device2,Location1,44.285344886288215,0.3254521919322839,0.7218571334166698
620,621,31,Device1,Location3,21.757109779496098,7.288490450131601,0.43100407311967104
621,622,25,Device1,Location2,96.28273085277624,9.410854068644676,2.187324891507174
622,623,48,Device1,Location3,42.44990551383473,6.977414790384686,0.7456299727338923
623,624,24,Device2,Location2,58.61633937272388,6.5739400082194415,0.8324638396962779
624,625,63,Device2,Location3,33.92208183866442,9.320438448353112,1.9344512661104103
625,626,48,Device1,Location1,48.05576935570534,1.5403395729990688,2.956961284052267
626,627,33,Device2,Location2,90.40904218175046,1.0404288506613268,1.577036768248245
627,628,59,Device1,Location1,16.761351634372645,6.856095196108725,1.0216205962963767
628,629,56,Device3,Location1,79.34015870132332,0.7364664239652186,0.10302749047075277
629,630,61,Device2,Location1,46.21364057877342,9.08832397810343,2.448813723929713
630,631,36,Device1,Location3,25.694118517080856,6.848572092748615,2.025680258332409
631,632,25,Device1,Location1,68.64697599343876,7.755848402188858,2.228810691419101
632,633,46,Device1,Location3,24.433257502915872,8.979722232406,0.3859577833201705
633,634,19,Device3,Location2,15.337444759728115,0.8264579057955668,1.810364272013687
634,635,59,Device2,Location1,33.01561479407905,3.3697019768298664,0.3971002491680454
635,636,20,Device1,Location2,29.288293011258858,5.541645765962569,0.30793308331380587
636,637,68,Device1,Location2,73.03697637073253,8.538356581046788,2.2179063410005257
637,638,46,Device1,Location3,76.6004742345731,5.559879836670577,2.4050134047561382
638,639,32,Device2,Location2,10.583182263252644,5.741503087711665,1.6430814081029346
639,640,55,Device3,Location3,76.7880154512319,5.730526033416515,0.42213386561233557
640,641,45,Device3,Location3,25.656839568874158,6.657426599969451,2.2480285394576125
641,642,54,Device1,Location2,22.655620897386697,7.240962830081168,0.32110509100146
642,643,49,Device1,Location2,70.57523637455341,6.860447735939726,1.7517401666494268
643,644,47,Device2,Location2,87.37523091832713,1.3815899732879244,2.201996020887128
644,645,68,Device1,Location3,60.724154928534915,9.90634079738049,2.1406145602309694
645,646,64,Device3,Location3,93.91305050664597,8.520240590764486,2.135196208500388
646,647,47,Device2,Location2,66.54264309706085,4.726244567286169,0.11268096247677539
647,648,68,Device2,Location3,85.4645467267679,6.4345243960331135,2.706898412697157
648,649,51,Device1,Location2,52.06221901479686,2.6729231819944177,1.4467295877374098
649,650,30,Device3,Location3,88.57206215045899,8.299094629749131,0.41658433680416374
650,651,50,Device2,Location3,11.514794800517203,6.0102684581417885,1.4950648171699645
651,652,59,Device2,Location1,38.6401040826084,2.626108832218125,1.4903588808544426
652,653,34,Device1,Location1,28.94104686284884,8.408337114574095,2.129214876134172
653,654,20,Device3,Location2,14.923584707541071,0.984528449705927,0.7208104641762504
654,655,26,Device3,Location1,14.941391978590179,2.5515780778261945,0.8007342907660351
655,656,69,Device2,Location3,44.28642947631805,3.3741810322421992,0.23433518027827505
656,657,28,Device3,Location2,44.24355334988622,1.2419834362955606,0.34062445217121395
657,658,66,Device1,Location1,91.07117463268656,4.643007667287661,1.2547966657545166
658,659,44,Device1,Location2,94.10902922747164,7.657314014730423,1.6125547628359096
659,660,45,Device2,Location2,1.9076596560196113,4.071816170138405,2.6993569108490703
660,661,19,Device2,Location3,25.913472484312315,6.9487904051372045,2.115175811170621
661,662,18,Device3,Location1,0.8446139182786028,1.940328306112724,2.972736005350926
662,663,23,Device1,Location3,88.14126252817363,8.270300274259451,1.780733685202172
663,664,42,Device3,Location2,53.21101979706331,1.7048717369711086,2.8167488033550523
664,665,52,Device3,Location2,16.11345605346407,7.012486966721988,2.564869698868936
665,666,33,Device2,Location2,83.04731019914067,2.815892785631686,0.08303048014321557
666,667,21,Device1,Location1,7.174132625446972,8.170867719110419,2.388580214908157
667,668,64,Device1,Location3,85.36248244243811,9.646408785649124,0.6697063794570778
668,669,55,Device3,Location3,1.6158816152962108,7.770260179680417,2.8449019364543915
669,670,61,Device1,Location1,45.48903534657717,0.5396259319239294,0.35903722863894105
670,671,37,Device1,Location3,35.396682356615486,0.3938800847678736,0.6164210940856749
671,672,42,Device3,Location3,64.89986632628471,0.2101545945912997,0.9100952427814176
672,673,24,Device2,Location2,55.02160174757529,9.351834334781916,0.009274867071914605
673,674,38,Device2,Location2,35.38062307797628,1.7891542726860077,0.04104771410163954
674,675,24,Device2,Location2,98.60586498737227,8.543425990399031,1.9149531598109273
675,676,46,Device3,Location1,42.93437955128625,7.334145546939705,0.16765228529172638
676,677,69,Device1,Location2,48.469596013055686,6.759753856750896,0.30381990681032034
677,678,24,Device3,Location3,62.881045906629296,0.47008789088003766,1.3006641465597348
678,679,20,Device3,Location1,9.916065193360168,5.698386527791353,2.2771764878363845
679,680,46,Device2,Location3,88.14204638963416,9.732555276600449,1.0568642376223556
680,681,46,Device1,Location1,56.6002619931852,6.464946377149316,2.659251698602805
681,682,56,Device2,Location3,67.56892126329703,2.891466997277382,0.5320225275603082
682,683,55,Device1,Location1,92.26396515611768,7.676079970645531,0.67335488257767
683,684,23,Device1,Location3,64.23410057260574,4.852391544079785,0.13151635587819865
684,685,63,Device2,Location2,7.173451471545911,1.1693227271025053,2.418781742579586
685,686,27,Device2,Location1,8.357853669077652,8.761791649839406,2.3019516731792837
686,687,54,Device3,Location3,56.82312662977397,8.045245868133634,2.783681902405194
687,688,31,Device1,Location3,11.666521654074568,0.26722143184462865,2.5712247311319447
688,689,39,Device1,Location3,4.288448198381623,0.40710075431973913,0.01830131372578947
689,690,49,Device1,Location3,38.36619873295836,1.8870164866667927,1.9034568042878641
690,691,35,Device1,Location2,97.81124216617673,8.630366979255214,0.6401983452357821
691,692,53,Device1,Location2,54.971024887225575,1.9456483258145496,0.1695844593420155
692,693,63,Device3,Location1,88.48118936179418,9.217238133481732,2.939674451252468
693,694,69,Device1,Location1,45.28555796353352,5.108644317269814,0.8872207908277283
694,695,26,Device3,Location3,93.0655457057404,2.872522881554179,1.3146470413077742
695,696,43,Device2,Location1,2.9914544675540666,1.2503687251526652,1.4192254253003274
696,697,39,Device3,Location3,71.9450111035725,5.799522466825604,2.9178591190221583
697,698,63,Device3,Location1,95.53578884036392,8.965321885275243,1.488018601945539
698,699,55,Device3,Location1,46.956673210935115,6.203631020759487,2.1784319643066024
699,700,40,Device2,Location3,25.385504701743166,4.343064979057184,0.8119004477345017
700,701,34,Device1,Location2,65.15042223363096,6.250090489976356,1.679004865937347
701,702,43,Device3,Location3,38.19740828696698,7.347409494548827,1.534955087562952
702,703,64,Device2,Location2,33.854227004850536,2.3915912430643482,0.27275564448889356
703,704,55,Device3,Location1,35.738786767553535,2.6999920836734868,2.582525560114925
704,705,19,Device3,Location2,41.16694213420179,8.923525335429849,0.46091946825553554
705,706,23,Device2,Location3,45.08951991738985,7.807023264854517,1.3009405859903973
706,707,24,Device3,Location1,16.67046670362733,7.264673724462759,2.7280513941722084
707,708,30,Device3,Location2,67.62737585145277,6.70598031168634,1.808042298941169
708,709,44,Device1,Location2,84.01980905612288,5.193416363708466,1.1552392575894954
709,710,28,Device2,Location3,73.42920781328898,3.6241295769356894,2.3725417590155864
710,711,32,Device3,Location1,41.95852690061284,3.9179271294795903,0.19843712696738125
711,712,26,Device2,Location1,16.613637497623614,0.7934848201128597,2.281350676605988
712,713,25,Device2,Location2,71.18192124953724,8.861921011113985,2.5938498793881464
713,714,63,Device1,Location2,5.265921329126599,0.21019841670910422,2.3325500074220606
714,715,23,Device1,Location2,50.19463732319225,8.447227254645489,0.8593391362111867
715,716,65,Device1,Location1,94.97960345926165,4.5555049799321115,1.020951580902502
716,717,60,Device3,Location2,35.149555619001724,1.8428484087160557,2.5113341966823306
717,718,21,Device3,Location2,73.36739852193789,6.229888481640973,0.6784299098517209
718,719,28,Device3,Location1,93.47065804904719,5.131406446592748,1.6136807278962397
719,720,68,Device3,Location1,11.617075423592127,6.406812065854183,1.6766073734769635
720,721,45,Device3,Location3,60.91508170474952,3.6577069036002294,2.4369858769673107
721,722,43,Device3,Location1,56.31488707135378,7.985582509285299,0.0483960480728558
722,723,21,Device2,Location1,49.35828096296536,4.282322032452921,2.999691879213343
723,724,32,Device2,Location3,51.1053899611246,3.884900963686846,0.42042000144636715
724,725,36,Device1,Location1,39.87876096219152,6.263804144254913,1.0681988167394147
725,726,23,Device3,Location3,13.56928482599976,8.36084131649678,2.012200202329545
726,727,22,Device2,Location1,21.01208284747349,0.877026782640965,0.05846355726440167
727,728,35,Device1,Location3,5.6371536627761065,4.374458762000144,1.4862221807007643
728,729,23,Device1,Location2,83.11042617690842,4.729795376166688,0.03966911707315579
729,730,48,Device1,Location2,1.5205311425301349,5.319406526079939,0.7625751706085194
730,731,42,Device1,Location2,22.718558039055946,3.2597355729662167,2.758565964066573
731,732,21,Device2,Location3,84.24602119281634,1.836316294197956,0.9257856801631766
732,733,23,Device2,Location2,91.60233696334701,2.284936603173052,2.827501765321407
733,734,58,Device2,Location1,32.34780784923016,2.4665305014324135,1.1645126737238187
734,735,54,Device1,Location3,68.27553511108366,4.14171586740724,1.7032877217726987
735,736,67,Device1,Location1,2.6493262012545093,5.538047735443507,2.221759411299978
736,737,42,Device3,Location1,93.86713902472061,3.318172257045928,2.50056088595633
737,738,51,Device3,Location1,21.17563978520337,8.25642993377006,0.13810973332599363
738,739,36,Device1,Location3,15.009134095876242,4.758591981368781,1.0727664084693374
739,740,51,Device2,Location1,9.173614588488011,3.0583354683976727,0.19221262032205688
740,741,32,Device1,Location2,66.8880873606054,3.456368116833024,2.9179591537311147
741,742,67,Device3,Location3,33.22373156628133,9.8927748235154,0.8065695583458073
742,743,25,Device3,Location2,52.68936733782472,6.615311602872202,1.2528744247613604
743,744,61,Device2,Location3,98.27432825282348,4.0967682606426,1.248148221233457
744,745,64,Device1,Location1,12.508376674952615,8.968482739337823,1.0408542443071949
745,746,66,Device3,Location2,56.926624103979385,7.646121653358038,0.3854129219593071
746,747,51,Device2,Location3,29.13812036536062,8.64613605085795,0.7211193578429478
747,748,35,Device3,Location1,56.06203949920167,1.6111668650088362,1.8535614235207554
748,749,47,Device2,Location1,86.97172075664663,8.024179461682165,2.3825282064744058
749,750,30,Device3,Location3,67.33993857385327,4.801142485471152,2.5286713271478423
750,751,64,Device3,Location3,94.09707005758109,0.6814796129932954,0.7194896820047212
751,752,50,Device1,Location3,74.3312298797784,0.9203668503274853,0.5717968853302958
752,753,52,Device2,Location3,51.02870175924629,5.7339842147747095,1.3855899223095816
753,754,69,Device2,Location2,13.872702474294075,3.8871543463497114,1.438717750245351
754,755,41,Device3,Location3,10.376034791854893,0.7082273365147074,1.0926808052569368
755,756,43,Device1,Location1,31.96150455250606,4.36367461153943,1.0484874366018508
756,757,64,Device3,Location2,35.568555886258416,7.921492779395651,2.1949456326340897
757,758,68,Device3,Location1,82.0725140068123,2.150116790459683,2.9377631472088455
758,759,61,Device3,Location1,50.35977455422421,7.225445384198995,0.03864477640927977
759,760,59,Device2,Location3,52.08242721052877,4.2630854540007626,0.33130995677996733
760,761,64,Device1,Location2,99.71796086584169,3.286974437041885,0.7198733830049093
761,762,18,Device3,Location3,63.39558918260839,4.177552776072556,2.6532127649210993
762,763,30,Device3,Location1,58.314190658588174,6.359029207344483,2.6244885919821
763,764,27,Device3,Location3,82.82669370747587,3.8292793353997325,1.220532561563374
764,765,36,Device2,Location3,15.205256460879358,5.334571626053877,1.2022860142768972
765,766,22,Device3,Location3,86.08297941571557,0.7483861703333328,1.3319195768507184
766,767,25,Device2,Location3,26.57085398731183,6.639811749123138,0.11350208719089161
767,768,21,Device2,Location3,29.169489312249997,1.44579249193183,2.5959250698301313
768,769,66,Device2,Location3,67.71508915552242,1.689175525483878,2.1162530209938897
769,770,30,Device2,Location2,12.116145688982428,6.965806155920012,0.9646117917386186
770,771,55,Device2,Location3,17.943296290248114,9.909776388082516,0.07212834023332448
771,772,63,Device1,Location2,97.01078696904672,9.036066089425706,0.544846028299654
772,773,66,Device2,Location3,62.68266868350327,4.573994738108825,0.9681092663525129
773,774,63,Device2,Location2,25.397189765420734,3.028143079578489,0.8880026366205127
774,775,36,Device3,Location1,89.97467379749976,4.450228638463391,2.659028400246333
775,776,69,Device1,Location2,34.95577757673076,5.597162219993836,2.3850391492856478
776,777,67,Device1,Location2,15.472331893535763,2.639883384496419,0.5786134514793366
777,778,25,Device3,Location1,98.03220340371654,7.216906308627921,2.716068726310966
778,779,44,Device2,Location3,11.584932679382442,0.24078125772534098,1.6444290833283355
779,780,67,Device1,Location3,57.29957570120992,9.426032951453006,0.9098021068883761
780,781,64,Device2,Location2,75.00746108180826,7.260067316343871,0.3904406514262355
781,782,47,Device3,Location3,93.13925900032304,8.730584188832957,2.825124672282363
782,783,21,Device1,Location3,11.003100004805312,3.3854261800356578,0.19747844732709385
783,784,28,Device2,Location1,52.780522887543604,9.319910244371409,0.7853516271943763
784,785,38,Device1,Location3,13.251733188609037,9.901215224487125,2.5164525949439773
785,786,60,Device1,Location3,77.20473495193555,1.794454505633406,0.8370128613891761
786,787,19,Device2,Location2,20.429239350918692,5.743666162868303,1.4425484832447535
787,788,38,Device2,Location3,22.670526271328484,8.667769814681344,2.3528598407930557
788,789,34,Device1,Location3,99.84440444372606,0.4866731114905576,1.7729946122530753
789,790,60,Device3,Location2,84.51904356476963,7.75821198485975,2.139719849138842
790,791,68,Device1,Location2,65.05379774361239,0.34953369875483475,0.9364379514537671
791,792,46,Device3,Location2,64.05178168769194,6.547179840996816,0.5954544178013135
792,793,44,Device1,Location3,59.80661024284185,0.9570824973162506,1.810415555320335
793,794,41,Device2,Location3,95.2105763810464,1.0043599413098636,0.50155125403107
794,795,66,Device3,Location3,85.87499106437151,2.875297322510467,1.6169358753340652
795,796,20,Device3,Location3,61.0721946762539,3.7366826760866525,2.5267214139201655
796,797,56,Device1,Location3,13.662896373224553,5.061072285107206,1.8024295118804852
797,798,27,Device1,Location3,36.8760847247978,0.6758277360051868,1.9149674330596844
798,799,20,Device3,Location2,96.15543105027635,3.9166700836816926,0.8277927369080675
799,800,62,Device2,Location2,12.153823263473196,9.573945325047555,2.9703736336190056
800,801,59,Device3,Location3,9.916345142279958,4.778259786115463,0.8823058613379114
801,802,43,Device3,Location1,3.0962434365079505,9.754093426257523,1.0723021340708399
802,803,54,Device2,Location2,62.24848742605995,9.459202389602204,1.1575371311751084
803,804,44,Device2,Location3,31.51906445503737,2.7266389116081124,2.8498412987075166
804,805,22,Device1,Location2,90.27263865101199,8.14385100080204,1.8320536461999746
805,806,59,Device1,Location1,97.11547444778027,3.465231649944134,0.18147354659737525
806,807,28,Device1,Location2,26.465607612111242,6.455162955349199,1.1359369054547064
807,808,30,Device2,Location2,86.64530926227614,3.259104437690329,0.4400813447905433
808,809,58,Device3,Location2,36.467959204054814,1.9667636005226519,0.41594535755544104
809,810,51,Device2,Location2,25.36073790650063,5.79067539631366,1.7843698850282037
810,811,55,Device1,Location3,59.688780367167595,8.50698513325421,1.0560495483535592
811,812,57,Device3,Location1,91.26706209463073,9.570431690051304,1.6217113381778567
812,813,50,Device1,Location3,13.511009723387634,2.6252410687791707,1.8619754802856725
813,814,51,Device3,Location2,25.074182738466845,6.795419345489739,1.4634596580821615
814,815,44,Device2,Location2,3.704458678989342,8.253688472219542,0.6461744547931882
815,816,53,Device1,Location2,30.222807236545258,2.1166891759801065,0.2773366724542424
816,817,43,Device2,Location1,71.22083140250004,5.120345916819744,0.9011250229447353
817,818,68,Device2,Location1,10.273429996532313,9.055163135820159,1.6155476934907758
818,819,42,Device2,Location3,29.916649395609607,8.648867795992981,0.8380592243352519
819,820,36,Device3,Location2,55.296532467674574,0.112900823362867,1.175334335726224
820,821,38,Device2,Location1,79.11286065391339,6.241641409690867,2.717114501548281
821,822,48,Device2,Location2,98.9205273669359,6.353954996027262,0.07900397924186298
822,823,46,Device3,Location3,42.61732539670673,9.910892293627157,0.2481704515878156
823,824,26,Device2,Location3,52.178206569821526,6.885117450500502,2.460186995943273
824,825,36,Device2,Location1,87.2921538595177,5.3975101284695555,0.5583088303710831
825,826,43,Device2,Location3,46.857934828568645,1.821094473603393,2.4966426595789324
826,827,42,Device3,Location1,21.386068416926886,2.6404197481670666,1.8745546204517258
827,828,57,Device3,Location2,88.94702840527117,8.19844740585642,0.32824920828377957
828,829,60,Device1,Location1,72.93597225549445,0.6957498645340321,1.0028443259950701
829,830,46,Device2,Location3,37.694244156191104,0.14168726025621248,2.8847681403194563
830,831,42,Device3,Location2,48.76250606304413,6.113608618190601,0.5298925785877022
831,832,36,Device2,Location3,20.18381334111935,6.761374906028279,1.2403078252868445
832,833,21,Device3,Location2,4.544564237192694,8.257390129986055,0.9219289787287753
833,834,62,Device3,Location2,32.329052764245816,5.302245759297051,1.5294453410206295
834,835,37,Device3,Location2,63.40841450221492,8.423693257581816,1.3031656592583278
835,836,63,Device1,Location2,28.272024314322675,8.252105694455885,2.7955771512498186
836,837,18,Device2,Location3,98.5264957115188,3.8962700559101093,2.478350389875395
837,838,28,Device3,Location1,10.131817112919439,0.9080942597582475,1.741136070577545
838,839,21,Device2,Location2,64.50463969854904,7.629538660160151,1.0015349290664908
839,840,24,Device3,Location3,54.61989674963359,9.651429881571389,2.2533891845433063
840,841,45,Device2,Location3,0.32013985092185226,8.783601241301412,1.7687653990816632
841,842,53,Device2,Location3,84.03846716766726,6.332992091355832,0.4874366364444558
842,843,24,Device3,Location1,40.74684828896215,0.9608301024271249,0.9361261848991145
843,844,37,Device2,Location3,51.423417915629976,5.921911832712979,1.7049697957570475
844,845,52,Device1,Location3,72.53684549023517,0.157005325394185,2.099885186938916
845,846,68,Device1,Location1,72.33736207133984,5.919764790316657,0.9615128582331652
846,847,68,Device2,Location3,79.72612698860812,8.337051873386557,2.7306719334076788
847,848,56,Device2,Location3,11.434099796227247,7.414539851063399,1.2245993021069714
848,849,38,Device3,Location1,96.53834727981135,6.156980994895172,0.4475161102451969
849,850,61,Device3,Location1,87.01865844248636,1.2054859098578008,0.637038851523667
850,851,18,Device2,Location1,88.5131956285295,1.7280746766275823,0.596366136626471
851,852,54,Device2,Location2,65.11358536899914,8.45114652213353,0.7014128984338793
852,853,63,Device2,Location1,28.93727569803035,5.9148086462293845,1.151017562953159
853,854,59,Device2,Location2,70.40541568950668,5.2189173297946745,1.3948323166400254
854,855,20,Device1,Location2,77.3241033430624,2.0812275389779322,1.6268273067776313
855,856,51,Device2,Location1,22.924618672805575,4.24403825548543,2.8140794704599896
856,857,30,Device3,Location2,85.52913450076485,5.808811252392402,1.709878610130498
857,858,33,Device1,Location3,49.06185000590406,6.280945862603286,0.5389390123745867
858,859,51,Device2,Location3,23.282429241813684,7.034478816959286,1.3660660717734345
859,860,41,Device3,Location1,96.64141991959269,7.482527374560811,0.5064269747906853
860,861,30,Device1,Location2,92.25922138860282,6.208576265873745,2.73327412640315
861,862,23,Device2,Location3,71.65374196869367,1.555839233441182,0.5051283335639077
862,863,56,Device2,Location2,54.04157432495277,5.423217530554092,1.8316696065874445
863,864,19,Device2,Location2,36.70956983622876,0.7481432464823179,1.7338893162670574
864,865,28,Device2,Location3,88.22714223955519,5.90799840377505,1.8694505336458624
865,866,24,Device1,Location1,77.34785029860164,9.794066578664921,0.17584314851815774
866,867,24,Device3,Location2,76.72351501992071,2.6724711204059237,0.8679669871340401
867,868,56,Device2,Location3,50.68387495566843,3.9184071436287926,1.061012748878548
868,869,56,Device1,Location1,4.095094624199835,2.7256206909933245,2.7694830966278032
869,870,29,Device1,Location2,55.82009462337202,5.589102949551421,1.825779109866958
870,871,68,Device3,Location2,84.79418781127848,0.4378694045139242,2.42346508366163
871,872,39,Device1,Location2,50.72551221977767,9.939418176200965,1.4880710553604295
872,873,68,Device1,Location2,74.19067223185293,7.967537598041238,1.1919165866456107
873,874,68,Device3,Location1,47.27587416609536,6.173737056966847,1.450797267925323
874,875,69,Device1,Location2,55.97145715495883,8.126261418839864,2.361491515432081
875,876,20,Device1,Location3,4.6139537779811395,2.214091133706874,0.2730208880197358
876,877,30,Device3,Location3,31.03801012035382,8.584339513047574,2.8610347138187064
877,878,47,Device1,Location3,89.81858139476837,9.83595533149295,1.810670284213284
878,879,27,Device3,Location1,30.875145123726533,6.355322595424623,0.5586667522861174
879,880,69,Device2,Location3,45.35616797580491,5.627594388786916,0.1312898021079104
880,881,26,Device2,Location2,56.967705829206686,4.513634919889683,0.3842623018650949
881,882,23,Device2,Location2,76.54631947416347,6.42652028672039,0.32131142732607765
882,883,61,Device2,Location3,24.813170508672254,6.562835043515303,1.2079340235410287
883,884,19,Device1,Location1,7.2677879380669825,5.553132282501252,2.075971701921511
884,885,61,Device2,Location1,85.97396554684762,7.621475888413183,0.750547598827176
885,886,33,Device3,Location2,71.41862938587073,3.541610319710525,1.1551478847939014
886,887,30,Device3,Location2,77.13810571918384,8.112001833075244,1.6925875803917787
887,888,65,Device3,Location3,17.081949324470834,6.353018152342257,2.4403890205450045
888,889,30,Device3,Location1,47.244399555514406,3.4558772384885836,1.8230256217692977
889,890,39,Device2,Location3,45.59578403879508,1.7930109636197311,0.5556249363948278
890,891,36,Device3,Location2,50.33729098009068,4.816509053973955,0.7325503356002399
891,892,43,Device2,Location2,91.82928053261598,4.540688358307756,1.11422859240027
892,893,31,Device3,Location3,99.16877772557231,2.946237960912015,1.4611566079523288
893,894,48,Device3,Location1,3.1645760743690077,5.914170236385018,2.6526177590529905
894,895,46,Device2,Location2,18.433363280139268,0.05397599132814679,0.7399942413291313
895,896,62,Device2,Location2,84.05571911311021,3.2642027030005973,2.783045822296972
896,897,59,Device1,Location1,8.757177555718132,6.490642428403531,2.3203766041640432
897,898,39,Device1,Location2,97.55121838295032,0.25872855486884117,0.9585399761321076
898,899,24,Device1,Location1,70.4412213094957,5.765630410282961,2.900401894999594
899,900,54,Device3,Location1,1.1392056427458663,3.7647221168443403,1.106356781636082
900,901,66,Device3,Location2,69.80011647571632,7.577361724995625,2.0382995376001047
901,902,58,Device3,Location3,30.861995905128538,2.1240570717385623,2.8096612989814465
902,903,44,Device1,Location2,50.14511742372034,8.215781844847807,2.367640181736092
903,904,48,Device1,Location2,13.970751367201728,2.0681469203299976,2.6595203248325134
904,905,23,Device1,Location2,60.351204399372286,6.064714588947195,0.48500767815807255
905,906,33,Device3,Location2,21.340532375808973,1.980409965550174,1.930563283893385
906,907,55,Device2,Location3,28.282535280750764,5.47190552672642,0.2397231176419683
907,908,55,Device1,Location3,69.6057959358438,4.73688733136844,2.9398618005071846
908,909,67,Device2,Location3,19.88100542930725,2.239228021968591,2.094836101038506
909,910,49,Device3,Location1,28.87899368557524,5.836564612221091,0.312679249034004
910,911,50,Device1,Location3,8.688567080227106,2.2085305737882797,2.378999648185138
911,912,66,Device3,Location1,60.03917070128219,5.088539412811638,1.386923599343174
912,913,34,Device2,Location2,23.989203008963,8.568590448644771,0.2385535330142472
913,914,50,Device3,Location3,88.15488392979066,8.639568703447948,2.413106080955182
914,915,28,Device3,Location3,59.13673217823128,6.472791414591112,0.10576395279716999
915,916,30,Device1,Location3,22.175624073328095,4.653240726296364,2.385993289644543
916,917,47,Device2,Location3,0.7287197090910857,6.693901661637897,1.722663042979521
917,918,18,Device1,Location3,11.674190367599557,8.102809438971414,0.008118148424439697
918,919,47,Device3,Location2,23.05305792275931,7.914884286505684,1.336005601776292
919,920,44,Device3,Location3,55.25120526337026,5.484033033134915,1.8317515215888933
920,921,57,Device2,Location1,19.304853404227874,3.074006931782586,0.6153609791915664
921,922,40,Device3,Location1,68.27030276243484,6.578241921695324,0.7083717807191475
922,923,37,Device1,Location3,8.877730302201714,0.18989531499529644,0.19417066850928466
923,924,23,Device2,Location1,39.97318577836594,9.687722537360239,2.0092018340735227
924,925,54,Device3,Location3,23.658784529377673,3.2970059561600684,0.5835426871781909
925,926,37,Device1,Location2,80.28610779636016,4.175190524125477,2.5832676347125605
926,927,54,Device1,Location1,12.795289583193037,5.4792295107680635,2.275565586841654
927,928,23,Device2,Location3,12.060049133327311,7.174883294824279,0.2788823191540023
928,929,46,Device3,Location1,78.15206552705452,1.6178653409789534,1.673017845321686
929,930,30,Device1,Location3,35.17864802747499,3.7586470916256465,1.237527066675474
930,931,44,Device2,Location1,78.72408596879002,3.189004738904365,2.3361770226830982
931,932,67,Device1,Location2,66.46937674599343,0.5595299927730291,1.9865726153475962
932,933,37,Device3,Location1,8.821049310425622,4.538706678858791,0.23446409145389258
933,934,30,Device1,Location1,97.10491651109287,0.8796080646516391,2.944967958497217
934,935,56,Device3,Location1,93.04672003594456,8.821568911934838,0.7707844905243852
935,936,25,Device1,Location1,80.18474258116485,5.296766771972773,0.7666786604286921
936,937,34,Device3,Location3,83.83735674469108,8.178071324672784,0.9143713223741748
937,938,47,Device1,Location2,62.0519983565336,5.955529299611758,2.9281674179022583
938,939,18,Device1,Location2,92.00563053473797,9.357703614435252,2.4113451539878623
939,940,41,Device2,Location1,41.57875130469137,0.8172714919085056,0.2581546398549518
940,941,33,Device3,Location1,89.3424153636665,7.320157554918997,1.2539494728811573
941,942,28,Device1,Location2,45.8274300402702,6.82723344423835,2.565856884809386
942,943,21,Device2,Location2,78.17810385699596,7.952025467454559,1.0476693052545512
943,944,21,Device1,Location2,47.55996961032476,5.7289206495570655,0.8742420730402181
944,945,34,Device2,Location2,69.72164881391136,3.014526391800728,1.9182030657237235
945,946,66,Device1,Location1,43.26384596988697,3.124404127065332,1.103020423513429
946,947,27,Device2,Location2,38.11974369849733,8.876199469039797,0.4848539272208301
947,948,38,Device3,Location1,65.20291817847578,3.5449957337968163,1.4498129683342023
948,949,55,Device1,Location1,78.17768489867642,8.14113935595273,2.4350882133945926
949,950,66,Device3,Location2,8.145499548675229,7.658994949659017,2.533571939455399
950,951,35,Device3,Location3,26.409004715422,5.100787455200094,1.8469637159157557
951,952,27,Device2,Location1,58.86448565706346,9.120757331639016,2.9973610118052867
952,953,62,Device3,Location2,29.388742701911596,3.007589027504035,2.9540124823480203
953,954,33,Device2,Location1,58.10173975155318,0.06539077457156872,0.7160846264640638
954,955,56,Device2,Location3,99.33941374263746,7.5774125337208424,2.312762806293992
955,956,32,Device2,Location2,88.51023690790694,7.647814922721793,0.5516862772064027
956,957,51,Device2,Location1,57.76715193494264,1.95856672762859,1.2342497065945857
957,958,22,Device2,Location3,6.830054236445438,8.156665573259463,0.02989055875693669
958,959,34,Device1,Location3,82.28617546702075,8.589865168226206,0.6043134947414507
959,960,54,Device1,Location1,95.1632646983655,6.57096225498859,0.670854304651032
960,961,25,Device3,Location2,12.778403585255582,5.195201432324199,2.963288542676954
961,962,41,Device1,Location2,61.89901451361207,6.284701283830701,0.12493584010631698
962,963,45,Device2,Location1,14.824812055787106,6.368386908464867,2.8375550999014085
963,964,64,Device2,Location3,11.132020509101604,8.489526223558034,2.5145757735478824
964,965,25,Device1,Location3,36.69494657890014,2.2933639597412894,0.06743811439981984
965,966,40,Device3,Location3,25.29571149992392,9.17005478302392,0.41019797931862423
966,967,52,Device3,Location3,73.59855142582,9.49881326350313,1.8870908319203181
967,968,48,Device1,Location1,22.61983328910938,2.2004911688503324,1.0523955840271904
968,969,34,Device2,Location3,84.63126730447004,1.0527345623644146,1.024078688677009
969,970,45,Device2,Location1,24.05548948384353,6.735920616073619,2.0894137440037173
970,971,65,Device3,Location2,65.94178340963745,1.1293144772785457,2.9842667292969014
971,972,65,Device1,Location2,17.47575028968267,2.4907111016087713,0.9981367028312869
972,973,68,Device2,Location3,58.1856616157203,1.641548253660814,2.7691316244249635
973,974,29,Device3,Location3,50.380210057761666,8.583167158012863,2.1853251814022574
974,975,41,Device3,Location3,57.13805768779952,9.089152651396276,2.540967871760417
975,976,32,Device1,Location2,38.49386398471556,3.1330471767032386,1.5265142898998072
976,977,57,Device3,Location1,93.03057255348789,3.3170314154094447,1.5998696659590779
977,978,48,Device2,Location1,31.05077941737392,4.642423125069758,1.639394570049089
978,979,44,Device3,Location1,90.81264269317411,1.3603599432857794,1.6954173456271584
979,980,52,Device3,Location3,74.70995895037184,7.810030603561879,0.4333233227412585
980,981,35,Device3,Location1,36.63890377050466,5.330957322206697,0.6211362124224888
981,982,53,Device1,Location3,45.859727866950514,2.967126135330964,0.4611740251160391
982,983,25,Device2,Location2,87.27971506701458,4.8191426125508325,0.5729137395008536
983,984,63,Device3,Location1,18.047054215897017,5.928124962446274,1.9949024933164927
984,985,66,Device1,Location3,15.426800254653406,3.441478344139839,0.6195004065620301
985,986,55,Device3,Location1,56.737860261340366,2.6816789629957363,2.635183533345963
986,987,22,Device2,Location2,98.16769163769771,1.4596480901134845,0.3584169172886771
987,988,31,Device3,Location1,49.98740724735874,6.8148183851408035,2.96622067007348
988,989,55,Device1,Location1,61.52057132257161,4.422116958880266,0.004296473988478766
989,990,37,Device3,Location2,62.58146365321519,0.8790917417649158,2.5316236240483083
990,991,61,Device3,Location3,68.99740767401576,6.082082272659735,0.005971876928286268
991,992,26,Device3,Location3,67.3802570521777,1.1663535124753133,2.3564051657810667
992,993,50,Device1,Location3,87.52819261339279,1.3345191839380477,2.1829644015855774
993,994,35,Device3,Location1,43.299617691515515,6.468537188265623,2.083622412650435
994,995,23,Device3,Location1,94.70034020700298,8.604104720561631,1.0526499676924588
995,996,54,Device1,Location3,77.82302548326629,7.265629659980624,1.8812636994320906
996,997,19,Device1,Location3,27.422426542406654,9.86367585635185,1.7982164061610724
997,998,47,Device2,Location1,28.93419216392229,2.449896197955516,2.2186126786894094
998,999,23,Device1,Location3,39.857764449540646,8.26113660191025,2.1300311113420185
999,1000,34,Device3,Location3,97.08472648043416,5.968014757495857,0.7446957244433432
