User ID,Age,Device Type,Location,Average Spend,Average Play Time,Average Time Watching Ads,Variant,Post_Test_Avg_Spend,Post_Test_Avg_Play_Time,Post_Test_Avg_Time_Watching_Ads
1,62,Device3,Location3,54.60893670109037,0.2341023264796049,2.2621572227620583,Variant 1,88,9,0
2,65,Device1,Location1,36.4284574718846,0.8029435501699689,1.440160241869627,Variant 1,78,3,1
3,18,Device1,Location2,84.84385146266608,4.349362366535506,0.3740785310025952,Variant 1,102,5,3
4,21,Device3,Location1,30.9633859741126,5.966833055629758,2.4309720111036865,Variant 1,112,6,4
5,21,Device3,Location2,76.39275457910185,9.401405978055166,1.0419621639746544,Variant 1,81,4,3
6,57,Device1,Location1,44.84821141791955,7.944310838609182,0.4871230372409102,Variant 1,90,7,3
7,27,Device1,Location2,80.54211672506183,0.3817380261265346,1.6000504968454488,Variant 1,93,9,1
8,37,Device3,Location2,79.15374723231268,0.9713852334768124,1.5845066413133284,Variant 1,92,9,3
9,39,Device3,Location3,82.08999854584782,1.5436344694193416,0.7827873908850036,Variant 1,67,5,0
10,68,Device3,Location2,69.08707715940785,7.966006088977517,2.249678581805035,Variant 1,98,6,3
11,54,Device1,Location3,75.7961809198851,3.3076498919006205,1.0747722001605098,Variant 1,95,7,1
12,41,Device2,Location1,77.97481646806797,7.989336982413939,1.5924204055722493,Variant 1,84,7,3
13,24,Device3,Location1,75.13464276552426,0.0470325622740042,1.6367851607911958,Variant 1,61,4,3
14,42,Device2,Location1,39.20799503447044,5.60704814401895,2.834069687940524,Variant 1,78,0,0
15,42,Device2,Location1,19.74413097261441,6.294396973674052,2.938577549704977,Variant 1,114,4,0
16,30,Device1,Location1,97.01308723819707,5.164821615867807,2.068522832185905,Variant 1,60,7,1
17,19,Device1,Location3,25.63101434252716,8.214864542445518,0.0024378314516511,Variant 1,113,9,2
18,56,Device2,Location1,98.03750792296567,3.758769468777536,2.4015252184583504,Variant 1,80,6,0
19,57,Device1,Location2,10.218421144870192,6.079368028977137,2.664379994278933,Variant 1,60,3,1
20,41,Device3,Location3,82.69744528556832,1.1507740595516236,2.9468310440110392,Variant 1,113,7,3
21,64,Device3,Location2,21.151798175083204,7.665007676305846,0.058655405763535,Variant 1,68,3,0
22,42,Device2,Location3,83.0948149569656,1.2673367578495751,2.5788099995760354,Variant 1,74,8,4
23,35,Device2,Location2,6.918480469264276,7.568210096312113,2.599912372785911,Variant 1,98,3,1
24,55,Device3,Location3,86.67029791268241,3.17166557080292,0.5781560333746069,Variant 1,78,9,4
25,43,Device3,Location1,41.836342760868575,0.1464589114704462,2.515205764182195,Variant 1,62,4,0
26,31,Device2,Location3,92.4824873672622,4.49031209190413,0.1402550677456649,Variant 1,63,9,4
27,26,Device3,Location3,64.22793297140937,7.155915387250281,0.2079783758931169,Variant 1,114,8,2
28,27,Device1,Location2,51.63631465964503,9.011857362519038,1.7794878570635304,Variant 1,78,8,0
29,38,Device1,Location3,56.72405557082477,7.62539623486645,2.895619005926134,Variant 1,106,1,3
30,69,Device2,Location3,53.64556379646819,5.493319970397181,1.4115699841479747,Variant 1,110,2,1
31,34,Device1,Location1,13.6769936779091,3.5687010796735805,1.133276076290077,Variant 1,67,5,4
32,69,Device2,Location2,67.15683257222146,5.583053639174552,1.4923645162973669,Variant 1,116,5,2
33,23,Device1,Location3,17.87171067867662,8.85022254938579,2.9645772543796216,Variant 1,118,8,4
34,33,Device1,Location2,83.81754954184487,8.623791179037209,1.9916001723262624,Variant 1,66,7,0
35,65,Device2,Location3,6.290696125059469,0.0968762699460268,1.6485271927692866,Variant 1,60,5,4
36,18,Device3,Location3,95.44008805698272,6.735249529904653,2.376461223132298,Variant 1,68,5,1
37,36,Device2,Location2,14.895865113435768,1.5313172747293669,1.4223193250940804,Variant 1,88,6,4
38,53,Device2,Location1,15.547322094520776,8.037629300625152,1.502098601237005,Variant 1,76,6,4
39,42,Device3,Location3,7.008876386183527,8.450128571208195,2.322882680583138,Variant 1,103,1,3
40,67,Device1,Location3,14.981550352106332,8.63507663439217,1.4313518399373837,Variant 1,91,8,2
41,69,Device2,Location3,57.3993703808773,2.9059344838531675,0.3874038821304301,Variant 1,116,7,4
42,47,Device2,Location2,35.69039216345845,6.495107310236864,0.1002730779316632,Variant 1,108,5,3
43,37,Device2,Location1,93.38399881359636,0.9649519457358312,1.929491292031432,Variant 1,101,5,4
44,37,Device1,Location3,36.63271609732551,9.74428049114032,0.3176240924681465,Variant 1,87,9,4
45,32,Device1,Location3,92.6141378321074,4.0942133081266805,2.664348521528014,Variant 1,69,5,2
46,57,Device3,Location3,5.8567407003825895,5.45016066477277,1.510493257173929,Variant 1,96,1,4
47,50,Device2,Location2,21.99399737811387,5.0386328867368055,0.0468435089472981,Variant 1,99,9,2
48,19,Device3,Location2,84.26780117279151,6.359679703312296,0.8132952502775097,Variant 1,99,2,4
49,27,Device3,Location2,16.367307424149725,0.7815811932214112,1.7495056683181314,Variant 1,67,2,2
50,50,Device2,Location2,26.025253845028384,0.8992884027158254,0.9888635423874452,Variant 1,92,8,4
51,49,Device2,Location1,37.12173881144785,0.777490818105081,1.1423243700371382,Variant 1,74,0,2
52,28,Device3,Location2,58.41984694310223,1.8406569662204075,2.68026417211895,Variant 1,74,1,0
53,41,Device1,Location2,39.23111120730404,4.027072139677829,1.9469539213348812,Variant 1,95,2,4
54,53,Device3,Location3,26.81730988562892,3.9676676265497934,0.7439161434316821,Variant 1,91,1,3
55,29,Device1,Location2,48.69441764446484,3.113754266139232,2.621067582429663,Variant 1,119,5,4
56,68,Device1,Location1,53.18590869870058,7.6823624275754065,2.521989602776033,Variant 1,72,7,4
57,46,Device3,Location1,96.24102746088312,8.444813005682732,1.918113497116241,Variant 1,110,1,3
58,52,Device2,Location3,67.59546155202632,0.9329896393119874,0.7318961592174057,Variant 1,119,5,4
59,18,Device3,Location1,19.217324610703955,1.2874413737493262,2.4337345108533093,Variant 1,70,2,0
60,18,Device3,Location2,76.13302760127992,0.1828524693870448,1.277604823889857,Variant 1,96,9,3
61,54,Device1,Location2,98.11417686583088,1.3603825089447077,0.8398963922643655,Variant 1,74,8,3
62,23,Device3,Location1,15.071514383450612,3.637027247938308,0.6473732053438035,Variant 1,65,9,2
63,56,Device2,Location1,16.22518102714009,6.099915258401463,0.7569691541600969,Variant 1,75,7,2
64,58,Device3,Location2,11.468098742884536,4.795848401942312,1.3704257159051096,Variant 1,113,9,3
65,35,Device3,Location3,29.07614696974765,9.723976921507036,1.850227532381518,Variant 1,110,6,3
66,33,Device1,Location2,69.5974218474343,0.1032791968139024,2.707730172622909,Variant 1,73,4,4
67,22,Device2,Location3,33.27768464981666,6.777751382291619,2.483439199143992,Variant 1,80,0,0
68,59,Device2,Location3,9.545661555148031,1.780851713246544,0.6135512988457746,Variant 1,100,9,2
69,60,Device1,Location1,62.990186975377405,4.278757110956484,2.680483623849975,Variant 1,76,6,1
70,49,Device2,Location3,77.51382096086921,7.297901578615845,1.0341583578716371,Variant 1,76,1,4
71,19,Device2,Location2,40.50414902832373,0.5771898100505468,1.5543472232156574,Variant 1,109,5,4
72,19,Device3,Location2,66.68169497218386,0.8250346549422494,0.991452686687737,Variant 1,87,3,0
73,57,Device1,Location1,58.90311226367545,7.643551384641847,2.444912626679053,Variant 1,104,3,2
74,59,Device2,Location3,64.36440135944645,4.065747351929873,0.3310113746190072,Variant 1,86,9,1
75,53,Device1,Location2,42.18821360104605,8.8470372668934,2.7699792328138595,Variant 1,80,1,2
76,56,Device3,Location3,47.70994842434486,4.641108632174177,0.6542800655747407,Variant 1,101,4,2
77,29,Device2,Location2,81.49496076199942,6.87239737790375,0.7735059076330132,Variant 1,102,2,0
78,64,Device1,Location2,58.7122004754833,7.306482721853726,0.5271269210021587,Variant 1,106,6,4
79,36,Device2,Location2,9.428810312492386,5.024062417612022,0.346973331014615,Variant 1,90,5,0
80,45,Device1,Location2,2.985370454329661,8.738809948951932,1.742630437438959,Variant 1,93,5,2
81,18,Device3,Location1,51.1251617982564,6.0903580172258405,1.317405821498392,Variant 1,118,2,1
82,32,Device3,Location1,54.46598236513808,1.6404459126833792,2.450699557101425,Variant 1,111,0,4
83,53,Device2,Location3,81.61680877943147,4.615684288254296,1.0114834666246983,Variant 1,68,6,0
84,30,Device2,Location3,73.04368221946066,0.5169207063517789,2.3404690104897066,Variant 1,68,6,3
85,60,Device1,Location1,22.538291840805734,9.93969263587502,1.758982147663214,Variant 1,87,9,1
86,38,Device2,Location2,79.35970421420603,0.5720755875071437,2.06292745190365,Variant 1,89,9,3
87,29,Device3,Location3,62.911562388228894,2.756612187491032,1.4117036962969784,Variant 1,63,4,2
88,22,Device3,Location3,23.3270982560332,6.741662803737272,0.8307484825095132,Variant 1,97,1,1
89,24,Device3,Location1,51.58733931854287,2.558955338283301,0.0221129618066585,Variant 1,116,0,1
90,22,Device2,Location3,24.002765926096416,8.310886361051066,0.7621494513734008,Variant 1,72,5,4
91,65,Device1,Location1,72.17228708771945,2.8483268066509746,1.713790182792618,Variant 1,62,1,2
92,21,Device3,Location2,30.186554081205465,5.8573008620873,1.5958006700860334,Variant 1,72,7,0
93,30,Device3,Location3,49.67444236088983,8.124309460339727,2.8952122018000988,Variant 1,88,3,1
94,54,Device2,Location2,89.81962818865021,8.142916778986365,2.1336478000763157,Variant 1,111,3,0
95,58,Device2,Location2,98.73613846139916,8.942370546896976,0.4783008780604986,Variant 1,75,4,2
96,32,Device2,Location1,95.78986540442234,9.710542068305156,2.9746871640668475,Variant 1,68,5,2
97,33,Device2,Location2,77.04663966166979,7.361258759575571,1.0362171346298203,Variant 1,90,3,3
98,38,Device1,Location1,13.62032648108944,5.894141401834623,1.7698194105728795,Variant 1,86,8,0
99,53,Device2,Location1,46.79470995987658,8.037993268238086,0.3738351791788354,Variant 1,90,9,0
100,41,Device1,Location3,96.82855167608868,2.3364474147743097,2.1304420522116967,Variant 1,108,1,4
101,33,Device1,Location2,35.300959194920765,3.91970233136738,2.7909557258800333,Variant 1,97,8,2
102,31,Device3,Location1,15.949654858968664,9.104275683780074,0.902385269883722,Variant 1,100,9,2
103,39,Device3,Location3,19.13125557315516,9.895510735996709,2.4285159560992584,Variant 1,60,6,2
104,66,Device2,Location1,54.93483220635136,9.66681102786842,2.924790596963322,Variant 1,103,1,2
105,67,Device3,Location2,2.1701811558233475,3.686584143601936,0.9445140357984884,Variant 1,76,3,4
106,23,Device1,Location2,77.02614404054835,1.7489755608300162,0.453117738847453,Variant 1,76,0,3
107,59,Device2,Location3,39.25690233112999,2.8592192965807794,2.894569994633089,Variant 1,81,3,2
108,53,Device2,Location3,22.33582149742285,0.5156198450429272,1.872763191971217,Variant 1,65,6,1
109,18,Device2,Location3,29.159667942541056,0.078134517936137,0.4880745961793461,Variant 1,102,4,3
110,49,Device2,Location3,80.31440802914679,0.3555199808261622,1.7442591622756636,Variant 1,74,8,4
111,23,Device3,Location3,3.718114203719336,6.715035072621553,1.2868786641207,Variant 1,71,7,3
112,48,Device2,Location2,77.13208535196804,1.448560994161584,0.1902037346767765,Variant 1,104,0,3
113,18,Device1,Location3,76.2296912559739,4.767701957697326,2.679330884066136,Variant 1,117,5,4
114,67,Device2,Location3,8.154121909145696,4.210176635748138,2.506261505878796,Variant 1,67,2,1
115,68,Device3,Location3,83.10363890766934,9.170919797726969,0.6180351301623314,Variant 1,89,6,2
116,54,Device1,Location3,17.204216359185942,9.377427129660049,2.5033709020604884,Variant 1,99,5,1
117,52,Device3,Location2,13.64323690204696,8.263319063121536,2.364738205648147,Variant 1,68,6,2
118,66,Device3,Location2,16.640119617138872,7.819156377176623,2.2244179630062537,Variant 1,108,1,4
119,47,Device3,Location1,0.275800893123912,8.375899450816943,0.7181355601719199,Variant 1,99,4,0
120,21,Device3,Location3,53.34566892660394,9.301040832820364,0.1123654371614431,Variant 1,75,5,4
121,52,Device2,Location3,36.89758515986984,5.6621305494892,2.454205995404983,Variant 1,94,6,3
122,60,Device3,Location2,14.32532305588351,4.476101264355076,2.3611239239848247,Variant 1,112,8,2
123,31,Device2,Location2,86.87285769777596,8.364784184025915,0.5836695234820853,Variant 1,77,3,4
124,66,Device2,Location2,50.6201666407215,4.337982777351678,0.7920060188787561,Variant 1,70,1,1
125,57,Device3,Location3,34.87080688769927,2.8554436074148226,0.7317936124951416,Variant 1,66,0,0
126,39,Device1,Location1,53.27205784966398,4.922267800332491,1.5708400042918496,Variant 1,99,1,1
127,27,Device3,Location1,80.92119020835442,3.613314483713829,2.182922861523182,Variant 1,101,9,1
128,18,Device3,Location2,17.093480598410448,5.793508789007374,0.836253002125474,Variant 1,70,1,3
129,28,Device2,Location2,86.56766094662754,5.010763922582648,0.5439337860880437,Variant 1,75,6,2
130,68,Device2,Location2,58.54447958296264,5.33562976814932,2.1543341007877137,Variant 1,75,6,2
131,61,Device2,Location2,61.55318945304358,0.415085468001195,2.81306017536164,Variant 1,110,7,4
132,41,Device2,Location1,58.85421725406843,2.381674631964508,1.0928612671391156,Variant 1,105,5,3
133,20,Device3,Location1,22.13191192150874,3.309086387208009,1.4498690683476672,Variant 1,114,3,4
134,52,Device1,Location2,18.473853877407866,1.0218250735274648,2.7416621133645904,Variant 1,79,1,2
135,53,Device1,Location1,47.73523158771608,5.984967410727435,2.3176962784241013,Variant 1,102,1,3
136,48,Device1,Location2,35.634273473911435,1.6907230969402487,0.5248811785157413,Variant 1,105,0,2
137,21,Device1,Location1,24.08363490040449,1.4497452072064754,0.6154511940098012,Variant 1,88,8,3
138,36,Device2,Location3,58.12692959460314,4.874296985019866,0.1607991824191945,Variant 1,63,3,0
139,64,Device3,Location3,85.61845904095897,4.369651854002509,0.8107588611029387,Variant 1,101,1,0
140,53,Device2,Location1,55.6897735850336,6.370763635396768,1.4199845888610652,Variant 1,106,5,2
141,38,Device2,Location2,90.65232294082664,9.700310320731962,0.9125990468787156,Variant 1,82,0,3
142,35,Device3,Location1,71.67950080833688,0.4049005208341694,1.4140741936961994,Variant 1,105,2,4
143,68,Device3,Location2,90.04372776336203,4.918812978899872,1.8481167954769184,Variant 1,87,1,0
144,45,Device3,Location2,20.17107274057636,8.15045893176332,2.79262040577255,Variant 1,105,4,4
145,32,Device2,Location2,58.733659963848616,3.480563587992499,2.770490362027897,Variant 1,69,4,0
146,59,Device1,Location2,35.46777492789197,4.082084035666471,1.8668041553172865,Variant 1,85,1,2
147,19,Device2,Location1,74.37051068242359,1.1244114168313657,1.0982766286443788,Variant 1,77,0,4
148,54,Device2,Location1,44.9879668406814,5.280847073411399,0.7736187689782893,Variant 1,118,0,3
149,28,Device3,Location3,41.21811569812747,0.5090368515957011,1.82082834605462,Variant 1,97,2,0
150,40,Device2,Location2,14.297878261938546,3.021475833784132,1.941703151811244,Variant 1,64,4,3
151,61,Device1,Location3,35.45544746805908,6.6744834387597285,0.8039437556427624,Variant 1,79,8,1
152,58,Device1,Location1,66.7803445340725,7.498628400980759,0.1758179554844828,Variant 1,117,1,4
153,29,Device2,Location1,50.87725686817588,2.678393366922287,1.060566950274135,Variant 1,64,6,0
154,20,Device3,Location2,51.91319151483809,5.401916792340364,2.8636231922741056,Variant 1,109,3,3
155,69,Device2,Location1,64.81658723561755,5.236066605637532,0.6736439174707228,Variant 1,101,2,2
156,34,Device1,Location2,27.58375520697458,7.311855866077497,0.9306374282369022,Variant 1,76,2,1
157,50,Device1,Location3,22.074626138533493,3.895846310825703,0.8785384933047432,Variant 1,77,8,1
158,18,Device2,Location2,96.77585797046284,3.2689399715956324,2.1040983693173327,Variant 1,60,7,3
159,56,Device1,Location1,13.78313022164549,1.1954365540506084,2.205036174246792,Variant 1,108,6,4
160,37,Device2,Location1,8.099818472507547,4.408772682681166,1.3329550077674688,Variant 1,91,9,2
161,64,Device1,Location1,70.36503457155843,3.204422363455554,2.738455490403279,Variant 1,113,9,3
162,60,Device3,Location3,64.71253215727131,1.9594609556894205,2.1757395876408507,Variant 1,101,8,3
163,69,Device1,Location2,37.09732519780914,1.6297689125910908,2.6639376974515967,Variant 1,91,8,3
164,58,Device2,Location3,7.678624566611059,3.2983626106853023,2.556291106393864,Variant 1,64,8,3
165,31,Device2,Location1,27.95299433788142,7.915164945083926,2.3177790412434107,Variant 1,97,6,3
166,48,Device3,Location2,6.222456998394055,7.8464074583629,0.9627922039862944,Variant 1,88,0,3
167,42,Device1,Location3,98.91213054377504,9.786304632912902,0.4105529646192342,Variant 1,78,6,2
168,20,Device2,Location2,69.54073532635351,4.196848232915914,2.019870376818214,Variant 1,91,9,2
169,21,Device1,Location1,43.18931001753774,8.871663514381483,2.100703465847512,Variant 1,76,9,3
170,48,Device3,Location3,91.97299731224628,9.336764600111277,2.2588192311435424,Variant 1,66,8,2
171,52,Device2,Location2,56.54457517118716,3.623499808013766,2.431918396855665,Variant 1,112,1,0
172,61,Device3,Location2,71.12749724674929,4.884471325519364,1.1985800617254905,Variant 1,106,2,0
173,31,Device2,Location1,50.67697443669657,3.395026679885198,1.119608466013281,Variant 1,80,5,1
174,66,Device1,Location1,82.64779517197294,1.074245186992262,0.9473794231419344,Variant 1,94,1,0
175,58,Device2,Location1,98.24464933371218,4.021206286761839,1.2992503869619334,Variant 1,100,9,1
176,26,Device3,Location3,41.212786074671406,9.633744191520364,2.615663781001736,Variant 1,74,1,2
177,37,Device2,Location3,14.72973281448522,8.223148485326018,0.0057434404478435,Variant 1,85,8,3
178,49,Device3,Location2,40.18445179119395,7.618346504173234,1.6501985368823875,Variant 1,98,5,3
179,26,Device2,Location2,79.77119175799476,1.0092633939378892,0.6710762653031918,Variant 1,115,8,0
180,44,Device3,Location3,0.018671393250913,0.1079200300917482,1.7209561836422758,Variant 1,83,8,2
181,20,Device1,Location2,95.45947821201769,1.3996706963087513,0.2586619031347403,Variant 1,82,1,4
182,21,Device2,Location3,66.25144745374962,3.888888791183392,0.2541263597402952,Variant 1,82,7,3
183,62,Device1,Location2,31.064783815928067,9.21085723952732,0.5699595588901989,Variant 1,107,5,2
184,32,Device2,Location3,48.98213704220553,1.3336026813517898,2.955165956670089,Variant 1,92,6,3
185,50,Device2,Location2,26.407274368390144,5.724832108768516,1.9374878608907984,Variant 1,115,8,0
186,22,Device1,Location2,43.59312842664751,5.358005087000496,1.2929496336135726,Variant 1,105,8,4
187,21,Device3,Location3,63.82191000316308,1.6085469214969306,0.9046997246730888,Variant 1,81,7,3
188,63,Device1,Location1,67.40772889910438,7.926753822130568,1.7425061126961263,Variant 1,119,5,2
189,29,Device1,Location3,32.277334368034694,0.3486335917455629,1.35959477846614,Variant 1,104,2,1
190,40,Device2,Location3,2.2966240058829746,0.7873472277365978,1.3868052251919696,Variant 1,70,4,3
191,31,Device3,Location1,37.71943205091805,8.458116096711787,1.1544923071783555,Variant 1,84,8,1
192,63,Device3,Location2,37.53779976208822,3.4608132821201085,0.7237087838185811,Variant 1,70,8,2
193,29,Device1,Location1,41.202441921978185,9.840799369013991,0.2533534891681864,Variant 1,103,9,3
194,34,Device1,Location1,96.5725473173459,2.363719390248286,2.058568956606873,Variant 1,101,2,4
195,42,Device3,Location1,97.00969756192043,9.004788714914044,0.5317495840483483,Variant 1,117,8,0
196,47,Device1,Location2,14.871413285588686,5.738163156631014,1.27648559292134,Variant 1,104,5,0
197,39,Device2,Location3,91.34326099625224,3.9338516006581816,1.761742708870456,Variant 1,68,6,2
198,64,Device2,Location1,97.84596436578737,7.693576939834685,0.4405684157282831,Variant 1,87,0,4
199,43,Device1,Location2,25.66475067159277,8.398498790072477,1.7920790678848264,Variant 1,108,5,4
200,34,Device2,Location2,74.10239001954746,3.12607876694814,1.086523501955939,Variant 1,116,6,0
201,37,Device3,Location3,17.545484988691605,4.768906134847991,0.766807063064538,Variant 1,99,5,1
202,51,Device1,Location3,47.19656387638128,6.756766523518714,1.6457973159764974,Variant 1,102,4,2
203,58,Device2,Location1,60.720459795889234,6.98087313482301,2.9671791121082234,Variant 1,88,6,4
204,50,Device1,Location2,17.95884802120623,3.003411821504469,2.305759046460051,Variant 1,74,1,3
205,54,Device3,Location3,54.718409352150985,0.9270437204222204,0.8557693860537683,Variant 1,112,0,2
206,24,Device2,Location1,73.88312953929218,3.911050155606187,1.504607413665812,Variant 1,90,8,0
207,39,Device3,Location2,66.74177603024553,3.447052898875361,1.2182117417603358,Variant 1,91,9,3
208,49,Device1,Location2,63.07464943921074,0.8961728881200881,1.5763819899945153,Variant 1,60,5,2
209,31,Device1,Location3,12.04322422017594,3.931886285546711,2.0746466792948435,Variant 1,60,0,2
210,25,Device2,Location2,95.6389514071968,5.711566698445605,2.3632249576990394,Variant 1,71,2,1
211,42,Device3,Location2,14.091704100718482,9.96337300607559,2.867350110449652,Variant 1,115,9,3
212,33,Device1,Location3,61.22380088432651,7.570088081961163,0.8851743068368024,Variant 1,97,9,0
213,59,Device3,Location2,12.953140106802618,3.3059145208946616,0.972765767009138,Variant 1,60,6,2
214,36,Device3,Location2,53.97033392446859,4.15783570513744,0.0671285453432497,Variant 1,115,3,1
215,58,Device2,Location1,86.743363003176,1.1815790442034846,0.898985949871888,Variant 1,104,8,0
216,33,Device3,Location2,63.02854315353994,8.046850127955693,2.8251272281339697,Variant 1,94,8,3
217,29,Device1,Location3,90.85866862805418,5.658091862680493,2.500198624191605,Variant 1,119,5,0
218,56,Device1,Location2,65.85442668863145,4.731925606490648,0.3569593546785681,Variant 1,78,4,3
219,65,Device2,Location3,45.53996993127578,4.547048392390074,2.893919824455053,Variant 1,92,1,0
220,47,Device3,Location3,46.68622676993655,2.3255722406292123,2.663732124840166,Variant 1,98,9,3
221,19,Device1,Location2,21.1637511220968,2.7383913946184024,2.5742811646675965,Variant 1,91,4,2
222,49,Device1,Location3,95.38610280992988,3.235692104374269,2.7719461496769857,Variant 1,71,7,3
223,62,Device2,Location1,31.09259945889722,0.017820167510214,1.6019635886275778,Variant 1,114,1,0
224,42,Device3,Location3,39.99458796877432,5.414683351985826,2.91287017047521,Variant 1,83,7,4
225,42,Device3,Location1,2.9789543517147243,9.899125823153188,0.078590968475897,Variant 1,78,8,0
226,21,Device3,Location3,38.80061107341174,3.2821730959775284,1.687289628902452,Variant 1,87,6,0
227,36,Device1,Location2,11.670575692413,4.776788062701657,1.1192849171619468,Variant 1,93,7,0
228,65,Device1,Location3,19.142554040691373,8.798235771526533,1.6922011806666346,Variant 1,69,5,4
229,21,Device2,Location3,78.95383055524736,5.345331063809768,2.695096238708349,Variant 1,65,9,0
230,60,Device1,Location3,47.21900644295226,5.952240975065008,1.3480961635397266,Variant 1,64,9,0
231,30,Device2,Location1,83.77390798621796,3.5815684760060984,0.68235631705197,Variant 1,63,2,2
232,56,Device2,Location1,32.28489055115804,4.754025730531284,1.0762202018058875,Variant 1,105,6,1
233,53,Device3,Location1,38.31961003497288,5.187004774410104,1.3371955040380334,Variant 1,71,7,4
234,40,Device2,Location1,83.21345892668226,7.624107742953486,1.3648010996973208,Variant 1,72,1,4
235,23,Device3,Location1,6.763153262585641,8.729706683743895,1.0134987320096929,Variant 1,69,8,0
236,41,Device3,Location2,82.0422451987177,6.636423078727786,1.3879395316788758,Variant 1,71,4,4
237,61,Device1,Location3,20.538995762185557,4.498675014890217,1.0395588155228035,Variant 1,73,9,4
238,50,Device1,Location3,65.49303821502518,8.447982343591086,0.9017531835268596,Variant 1,115,0,3
239,29,Device2,Location2,53.2869495661979,2.230015142092924,2.5837055243454645,Variant 1,97,3,1
240,58,Device2,Location2,78.92854892746224,3.513279155035911,2.5354913396929453,Variant 1,97,8,4
241,38,Device2,Location2,76.64978735303262,2.883311798110996,0.8520575519472859,Variant 1,112,5,1
242,28,Device2,Location2,57.54040089021274,4.269423588223683,2.6763158289687112,Variant 1,80,9,4
243,61,Device1,Location1,58.0689298656963,7.444735601196902,1.270981868406162,Variant 1,111,8,2
244,55,Device2,Location3,73.43610274640362,1.676738161761829,1.0351716742493495,Variant 1,69,9,1
245,46,Device3,Location2,61.05632454438723,8.848783471030856,0.6431818801173048,Variant 1,97,0,3
246,65,Device1,Location2,55.899163623025984,5.593917594379812,2.1330127672542987,Variant 1,97,8,4
247,58,Device3,Location3,49.76953531173446,4.222150311613082,0.0874342690220697,Variant 1,118,3,0
248,20,Device2,Location2,95.7509805598397,1.3124892637125218,1.802474530962975,Variant 1,85,5,4
249,45,Device1,Location1,22.12399463426345,6.137440769351297,0.0839377823261704,Variant 1,105,7,4
250,37,Device3,Location1,43.70942456694995,3.176216801598273,0.8769821934782203,Variant 1,63,2,4
251,43,Device1,Location1,41.87873945710622,7.3072081382798,2.9190077438347823,Variant 1,79,6,1
252,41,Device3,Location2,58.65564053345904,9.762304250981568,1.7755046403959502,Variant 1,74,2,4
253,69,Device1,Location3,68.37829273359165,1.8634186779771844,0.8790406402280193,Variant 1,111,9,1
254,64,Device3,Location2,22.27711046344185,0.3684278899639526,0.8649984655317619,Variant 1,114,8,3
255,38,Device3,Location3,56.18576169108853,2.0264257801044137,0.3761834165638595,Variant 1,85,3,2
256,47,Device3,Location1,92.03887958101262,5.646648521915154,0.9924218710503018,Variant 1,62,0,2
257,21,Device1,Location1,23.43470932611088,1.310209894322878,1.350972495777291,Variant 1,70,6,2
258,53,Device3,Location3,11.080397111904215,3.71044958887448,2.141160640798592,Variant 1,114,4,4
259,57,Device3,Location2,27.923241456580083,1.947782990540089,1.699945638330986,Variant 1,67,5,1
260,27,Device2,Location2,55.27407362420389,7.2841530343315775,0.125402668905605,Variant 1,64,7,2
261,27,Device3,Location2,45.24814831008518,0.032418596412127,1.0379694200737384,Variant 1,66,8,3
262,59,Device2,Location1,44.03857249002554,0.4015033260181044,0.1529959947278718,Variant 1,64,9,2
263,41,Device1,Location2,65.41985646678934,7.3167438728134515,2.816284566449553,Variant 1,100,3,4
264,21,Device3,Location3,91.648539874649,9.685903137741189,1.2764535238699215,Variant 1,92,6,0
265,64,Device1,Location2,18.58626526744905,5.905277965389887,1.7964706463466138,Variant 1,84,8,2
266,44,Device2,Location2,34.85736341592089,0.7413329875624464,2.190849681882648,Variant 1,75,6,4
267,68,Device2,Location3,38.516501368095255,7.974169639365617,0.010712758127756,Variant 1,116,4,4
268,62,Device1,Location3,15.337034709900133,0.268381787452141,0.3168506409595085,Variant 1,110,4,0
269,21,Device3,Location1,89.05047547177286,1.999900022820793,1.6086055879856818,Variant 1,82,4,2
270,49,Device1,Location1,93.24434169411349,4.741244931587874,1.8035804703790717,Variant 1,95,3,2
271,27,Device2,Location2,99.9208000188044,5.985164510447496,2.172920015801368,Variant 1,75,4,3
272,28,Device2,Location2,23.72080631818536,4.023407578294518,0.3442585795753945,Variant 1,82,4,4
273,45,Device3,Location1,7.1751902475661655,6.383377074253918,1.0717687520057493,Variant 1,106,7,2
274,63,Device2,Location2,14.837357325787504,5.223271169586728,2.240344259188637,Variant 1,70,3,2
275,25,Device3,Location2,82.08656496687533,9.072932156271674,0.7175559906363059,Variant 1,110,9,1
276,57,Device3,Location3,92.96781803005652,9.994264331840585,2.9024254000622967,Variant 1,96,2,0
277,39,Device3,Location2,35.58980766566505,7.301937562123037,2.9233547130486137,Variant 1,78,7,3
278,51,Device2,Location3,96.24961709737396,0.8716899598234362,1.456518272724304,Variant 1,106,6,0
279,62,Device1,Location1,79.69515928890308,3.29888139303105,0.3908694259897767,Variant 1,113,4,1
280,52,Device1,Location2,35.34927179146139,5.216941745098209,0.0557523478355651,Variant 1,60,2,1
281,52,Device2,Location3,85.09529152218319,2.622584331019468,0.3546641610291725,Variant 1,65,8,1
282,42,Device1,Location3,64.10056998489986,8.73724751277538,1.1292588192148725,Variant 1,64,8,2
283,51,Device1,Location3,44.648358279819725,1.9647403037171096,1.014303346454581,Variant 1,100,6,0
284,23,Device2,Location3,45.19255832247049,2.0446673652954903,2.318411206820695,Variant 1,104,8,0
285,58,Device1,Location2,96.2119767637906,9.04967641438408,1.7092875793938545,Variant 1,72,8,4
286,54,Device2,Location1,29.302283646682596,6.693431225098726,1.3163816068732352,Variant 1,65,2,2
287,18,Device3,Location3,66.96948317941252,6.166942527637177,0.4234273472708625,Variant 1,69,8,3
288,29,Device3,Location1,80.42101857588106,7.067532236672456,0.4346375254156326,Variant 1,88,2,3
289,52,Device1,Location3,38.53834523824391,2.153884465515583,2.283495650475921,Variant 1,61,4,4
290,23,Device2,Location3,46.42900130651147,5.863659457061223,2.8163169302101845,Variant 1,119,2,1
291,34,Device3,Location3,64.22713696576795,6.893653106130019,0.7706700867720044,Variant 1,90,9,2
292,26,Device2,Location1,58.77812262301637,2.563251927959752,1.5859380549886808,Variant 1,83,2,0
293,19,Device2,Location1,73.32258718921955,8.402721061132976,2.459648756669755,Variant 1,76,9,4
294,35,Device2,Location1,85.56465214347455,5.544168458653033,2.420701294426911,Variant 1,75,8,0
295,66,Device1,Location2,54.17433181644618,5.023797226959373,1.9285722731101211,Variant 1,98,1,0
296,53,Device3,Location1,95.941959256971,8.614708510618419,0.1287880159256685,Variant 1,62,9,0
297,45,Device1,Location2,28.11355903819611,1.8734205732634133,0.4738427067823526,Variant 1,91,6,1
298,58,Device2,Location2,6.675679865174256,0.1924044129469959,2.521402682041105,Variant 1,87,0,3
299,54,Device3,Location1,38.43537322902954,7.705388421615888,2.435940869158652,Variant 1,94,9,1
300,66,Device1,Location3,96.4092942821416,2.2139215618128203,1.9998018400656448,Variant 1,114,0,1
301,43,Device3,Location3,76.39333645192852,1.1343235421223707,1.7316568432161472,Variant 2,122,9,1
302,21,Device1,Location2,19.689198987786817,2.5333382629284773,0.8002554505057762,Variant 2,108,0,3
303,57,Device2,Location3,97.9705637053056,1.57421454563074,1.990005827756289,Variant 2,102,2,2
304,53,Device3,Location3,70.24173402529652,2.6506002982769084,0.3222900733526184,Variant 2,117,3,3
305,68,Device2,Location2,79.92359260698854,0.8901015062020712,2.8610281998443634,Variant 2,111,9,1
306,48,Device2,Location1,5.386910418759783,4.81267004875705,1.721815263578717,Variant 2,115,3,3
307,47,Device3,Location2,72.2657415317539,6.941473860035723,0.2203358559583471,Variant 2,117,3,3
308,67,Device3,Location1,48.36263057820042,9.063729869415145,2.579446702569116,Variant 2,96,9,3
309,51,Device1,Location1,79.4926317658378,7.454220499386234,1.6960755375996304,Variant 2,96,0,1
310,36,Device1,Location2,71.60577123096495,1.087185514151806,0.676769002148569,Variant 2,127,4,2
311,35,Device2,Location3,17.641876141359948,5.351506333593106,0.1366380861824278,Variant 2,93,2,2
312,47,Device1,Location1,91.8720048459746,0.7932214768540713,2.953670097078593,Variant 2,109,3,2
313,38,Device3,Location2,57.770646285168624,5.727787650681475,1.485535305779011,Variant 2,112,9,3
314,20,Device3,Location2,38.57261104604724,5.283502776941749,0.6720795050104258,Variant 2,91,8,1
315,23,Device3,Location2,22.77063971733957,0.0651746711073242,1.727877495148349,Variant 2,112,9,1
316,55,Device2,Location1,78.35391952222574,7.538132799757005,0.5796017390742624,Variant 2,124,6,1
317,30,Device1,Location3,97.07023907775746,6.4142505440933135,0.788471463493386,Variant 2,124,4,1
318,62,Device1,Location3,73.55203736373997,4.537550557286567,2.774613626122896,Variant 2,108,7,3
319,20,Device1,Location2,60.98636151904929,9.189667085961204,0.912574603359176,Variant 2,93,3,3
320,65,Device1,Location1,95.03362098625176,4.526047761580443,1.5855022153102143,Variant 2,92,4,2
321,45,Device1,Location3,71.15716001488786,4.61103133870198,0.8786440286413509,Variant 2,123,6,1
322,39,Device1,Location2,45.647264784091554,1.62696272879154,1.250652760381644,Variant 2,90,8,1
323,57,Device1,Location3,32.16538414437973,6.649052304302189,1.7717919159532314,Variant 2,107,2,3
324,57,Device2,Location3,18.870536624168157,1.6851253108082298,2.2858824664323616,Variant 2,126,0,2
325,29,Device1,Location1,87.36807502382725,3.096375642939634,0.0242160590942573,Variant 2,113,1,2
326,40,Device1,Location2,72.28892195082052,6.991912081060323,0.6416129216286417,Variant 2,91,6,2
327,48,Device1,Location3,97.80789135777138,3.060579219477887,2.4093392211030404,Variant 2,91,9,2
328,35,Device2,Location3,7.520338074537225,6.028215405871856,0.7940093383414386,Variant 2,91,2,2
329,24,Device1,Location1,31.47240583032893,9.767110996421522,0.337199334324984,Variant 2,110,2,2
330,25,Device2,Location1,40.646254204311504,0.4311824505924189,0.9960691874597464,Variant 2,102,8,3
331,36,Device2,Location3,96.25423515918256,3.94207890645633,2.039695873679045,Variant 2,100,0,3
332,46,Device2,Location1,59.07865838384338,8.997348621633808,1.956466587339859,Variant 2,121,5,1
333,61,Device3,Location1,68.00837840490205,5.898681229750515,2.54714570652055,Variant 2,128,2,3
334,37,Device1,Location2,27.086236867557133,9.417750970584056,2.8222936473037348,Variant 2,95,2,1
335,67,Device3,Location2,25.748830652559608,9.504650153356875,2.019068994248883,Variant 2,111,7,2
336,59,Device1,Location3,34.27717162680553,8.274282541238485,2.5806707605521133,Variant 2,116,7,3
337,47,Device2,Location3,8.399694727815731,3.4791933964186352,0.7880613626975217,Variant 2,127,5,2
338,64,Device2,Location3,93.95155931013468,0.267211193181962,1.327580335176266,Variant 2,98,7,3
339,39,Device1,Location1,40.5161059064209,9.538058590223915,0.953669003423834,Variant 2,98,9,3
340,27,Device1,Location2,20.050161740114312,2.040805865246443,2.307881224190163,Variant 2,118,2,1
341,43,Device2,Location3,34.38140353733791,2.4258177191249453,2.2441662519223327,Variant 2,127,4,3
342,68,Device1,Location2,19.57890376873488,6.659045897269159,1.2039629176021065,Variant 2,104,1,2
343,50,Device1,Location1,25.583927833607444,7.021824754866683,1.9994349188470184,Variant 2,107,6,3
344,45,Device3,Location2,75.75959669232927,9.590183639767156,0.039173791139214,Variant 2,122,1,2
345,27,Device2,Location1,23.80220452308389,5.952665255862531,2.7197298999861923,Variant 2,114,6,1
346,46,Device3,Location3,69.88434313256157,4.403299555840091,1.268468512491955,Variant 2,96,9,3
347,61,Device2,Location1,59.33655194746951,1.2438133122346973,2.7188767136432075,Variant 2,105,7,3
348,35,Device3,Location1,14.508289410838792,8.57410339775392,0.1366100921123021,Variant 2,126,7,3
349,59,Device1,Location1,76.37086131477744,0.4426485539049318,0.2506635929915464,Variant 2,105,7,3
350,18,Device1,Location1,85.28724946344481,8.52229115063022,1.4996493543882083,Variant 2,118,9,1
351,40,Device2,Location3,95.59874580863232,3.3631396056676746,0.6663284675151068,Variant 2,115,9,3
352,34,Device2,Location2,95.8999349422667,9.080293414023007,2.1905327404145054,Variant 2,104,4,3
353,60,Device2,Location3,70.63707974895618,8.50622832507647,2.048664304656828,Variant 2,112,8,2
354,54,Device3,Location3,29.13445390088062,6.989247609023151,1.892002634608172,Variant 2,92,3,1
355,48,Device2,Location1,3.7911668278123423,0.213413833056717,2.522980031761831,Variant 2,116,3,3
356,42,Device1,Location3,39.02304190833069,6.9166559867243365,2.5397405214781235,Variant 2,107,5,3
357,21,Device2,Location1,73.31266083605983,5.618249437494095,0.8122074148146388,Variant 2,108,5,1
358,69,Device1,Location2,94.06386129939068,2.521832672197644,0.6625922020052074,Variant 2,114,6,3
359,26,Device3,Location1,11.354036240855326,5.768697858615281,2.032418093905361,Variant 2,98,6,1
360,45,Device1,Location2,54.224194022969016,8.49543796761894,0.3279266535536563,Variant 2,112,9,2
361,47,Device1,Location3,47.47737178366688,2.1065162422647576,0.6067390936330006,Variant 2,115,6,1
362,64,Device3,Location1,4.572830433240727,3.396483468348588,2.6697223279253675,Variant 2,99,8,1
363,41,Device1,Location2,65.0677420127789,0.8831082199890272,1.9271740044696557,Variant 2,105,5,3
364,50,Device3,Location3,87.25796926421935,7.78373953965882,0.5894858909038696,Variant 2,121,2,1
365,37,Device3,Location2,46.18526066430578,0.993430721345666,2.0541503233581784,Variant 2,116,9,2
366,26,Device3,Location1,52.32657225769233,9.119904710948296,0.5600652109409631,Variant 2,105,0,1
367,25,Device1,Location2,17.778986905861373,5.108555601106906,1.9132512487805329,Variant 2,94,9,2
368,41,Device3,Location2,12.111848966472936,2.7325229587154807,0.6509160739823524,Variant 2,100,8,3
369,31,Device2,Location2,61.38478434042442,0.7002644755922904,2.14093436145514,Variant 2,110,4,2
370,35,Device1,Location3,71.64101248607516,8.177907578326755,2.9466456232954554,Variant 2,95,1,1
371,18,Device1,Location2,28.750337288184056,3.922886169043756,1.4744993028098703,Variant 2,116,2,1
372,29,Device2,Location2,49.94505065273486,8.848291627802794,1.9855059274021567,Variant 2,119,2,2
373,46,Device2,Location2,95.80593879308483,7.205515754770517,2.997944115130265,Variant 2,97,6,2
374,54,Device2,Location2,3.332354270115867,0.8415431203200696,1.2043985221319606,Variant 2,93,0,1
375,43,Device2,Location1,23.58134164701342,7.7212499280105105,2.434210464015069,Variant 2,115,6,1
376,50,Device3,Location1,10.305325367672324,8.226302461820598,0.3066213964537496,Variant 2,91,9,1
377,60,Device1,Location3,82.199243257057,1.0018511110802708,0.0352096129405397,Variant 2,118,9,1
378,32,Device1,Location2,99.22434545923018,6.702483730956056,2.897131380896334,Variant 2,105,3,2
379,40,Device2,Location3,15.972900663403822,2.2098103438623173,1.8230147303900197,Variant 2,97,9,1
380,46,Device3,Location2,75.19009030807004,3.3535172861352827,1.1092821823872006,Variant 2,128,2,2
381,38,Device3,Location1,28.737897488801423,1.4040684675188353,1.3697741951059377,Variant 2,97,6,3
382,36,Device2,Location2,32.8744651120031,0.4379776410449121,0.3164914071615776,Variant 2,123,6,1
383,22,Device2,Location3,92.98480944739104,8.575064636273748,0.0853480138428155,Variant 2,96,9,2
384,40,Device2,Location2,71.25231372027768,9.328824379767134,2.269713452776644,Variant 2,108,8,1
385,53,Device2,Location1,81.20745035873878,7.217725998902571,1.607627046197381,Variant 2,124,5,1
386,37,Device3,Location3,45.47614375911113,1.643770110365107,2.697335640398242,Variant 2,127,7,1
387,25,Device1,Location2,32.72626783101743,0.0091291954086958,1.8348889717187111,Variant 2,127,4,1
388,26,Device3,Location1,13.830674632917203,3.634671516427898,1.4045297815504747,Variant 2,125,7,2
389,31,Device1,Location2,62.53781797547743,5.453139942248813,1.789178935675472,Variant 2,107,7,3
390,23,Device1,Location1,67.98350736566132,4.169634544238936,1.923998825998041,Variant 2,112,1,2
391,18,Device1,Location3,93.0397429092335,6.675590128316528,1.0124122882453743,Variant 2,126,8,2
392,26,Device3,Location3,12.515393813320452,2.7836339305964533,1.89218583924798,Variant 2,108,9,1
393,33,Device2,Location2,73.70604461513605,2.899526427392588,1.0179986449885468,Variant 2,99,4,1
394,33,Device2,Location1,54.65400163197721,0.0606053344484591,2.723473321416876,Variant 2,95,8,3
395,29,Device3,Location3,45.73301067701122,6.415172971857807,0.6679893625360587,Variant 2,97,1,3
396,22,Device3,Location2,75.29183799346751,8.45983873461537,0.7312289567882906,Variant 2,112,1,2
397,57,Device1,Location2,60.72755152331501,9.16243044521289,2.2204257630757303,Variant 2,107,5,3
398,46,Device3,Location2,10.275444369604624,5.871565138465034,2.3321951080791354,Variant 2,107,7,3
399,63,Device1,Location1,41.9156398250621,1.9165313471828092,1.5443341359781306,Variant 2,118,2,2
400,44,Device3,Location2,99.5670193635887,4.103215061535908,2.054122084880854,Variant 2,114,2,2
401,28,Device2,Location1,76.7555224088327,3.576843505546594,1.005529566083276,Variant 2,122,6,2
402,64,Device2,Location2,76.25803781772679,0.5729147960318326,0.6938504617899888,Variant 2,125,8,3
403,67,Device2,Location1,92.22061356406635,0.1408268930317324,1.927302105403955,Variant 2,118,2,1
404,45,Device3,Location2,72.93854682190928,3.105417191977139,1.5752658116125762,Variant 2,115,4,1
405,69,Device1,Location2,84.79846900595416,7.092994878326765,2.6753102334519374,Variant 2,119,5,3
406,53,Device2,Location1,40.1083414071136,6.509365017440219,1.4634020158672605,Variant 2,118,1,2
407,59,Device1,Location3,40.014465895369966,7.652645838667374,0.326639532200654,Variant 2,113,8,1
408,36,Device2,Location3,95.70318254248032,8.752354231023467,2.37252372465805,Variant 2,99,2,3
409,52,Device1,Location3,75.74936401354051,9.48809261422886,1.1106585954738153,Variant 2,99,8,3
410,69,Device3,Location1,47.13154529250501,7.981220238507632,0.7535959044711066,Variant 2,100,2,2
411,48,Device3,Location3,48.959663034314985,0.4056811389181203,1.620781226801112,Variant 2,111,9,1
412,61,Device1,Location2,1.6590752458605973,9.685986108727516,0.3153059042327679,Variant 2,112,5,1
413,36,Device3,Location1,22.973358899213192,3.1472779882145465,0.1591720733134308,Variant 2,117,6,3
414,63,Device1,Location3,47.130218809742495,8.837968213329098,1.8543951691451663,Variant 2,94,5,2
415,41,Device3,Location2,29.37987394525844,1.34412531126334,0.115363532863607,Variant 2,129,3,3
416,19,Device3,Location2,98.18160859639552,6.556943004099849,1.8099166593291531,Variant 2,102,6,3
417,24,Device1,Location1,11.55222203170818,3.212647337412038,0.7773582754991133,Variant 2,91,6,3
418,60,Device2,Location3,50.55579969911202,7.94090342182135,2.896481920041488,Variant 2,102,7,2
419,66,Device2,Location2,0.9912599002858348,1.2854083416748965,1.5449277595478117,Variant 2,110,1,3
420,48,Device2,Location3,27.251838726693933,5.079458456794869,2.321616944978253,Variant 2,103,2,2
421,34,Device1,Location2,22.443086745723814,9.820588793308575,1.3208484362200044,Variant 2,116,8,3
422,44,Device2,Location2,60.508932519324375,7.256245375587448,2.821850662921534,Variant 2,91,9,2
423,53,Device3,Location1,88.72189456093022,1.2709534772259246,0.061771435716062,Variant 2,123,6,1
424,67,Device2,Location3,56.64434971929949,6.58217278974056,2.706205040398898,Variant 2,95,8,3
425,60,Device3,Location2,64.41025446494464,6.713966767634144,0.3026287954964056,Variant 2,100,2,3
426,27,Device2,Location3,27.99233821168634,8.257813354824565,0.076428010768314,Variant 2,125,3,3
427,62,Device2,Location3,30.88664887967655,2.9673180793881624,2.5112381099923216,Variant 2,115,2,3
428,31,Device1,Location3,49.900524278960056,1.4682032519070198,1.5366613619775435,Variant 2,90,3,3
429,24,Device3,Location1,56.855966347549646,8.46714525372859,0.0132951408985959,Variant 2,111,8,3
430,56,Device3,Location2,54.63289206655983,3.648573130917909,0.2945164603693361,Variant 2,97,0,3
431,57,Device3,Location3,26.004634657039794,4.392749737328522,0.4013710051896687,Variant 2,92,3,1
432,26,Device2,Location1,14.597339045716506,9.598271493776032,1.1386550530304866,Variant 2,94,6,2
433,31,Device2,Location3,36.837236397224046,4.584911621831491,2.7815125440332933,Variant 2,124,5,2
434,25,Device1,Location1,78.41194815027248,0.8161388804475533,1.183303836792899,Variant 2,112,8,1
435,34,Device1,Location3,59.61330197376879,6.610279760578716,1.9011143902714225,Variant 2,105,9,2
436,40,Device1,Location3,18.187303979852487,7.167789100269627,2.95704767319622,Variant 2,111,2,2
437,33,Device2,Location3,23.32177399724685,4.672794063146592,0.952439803611826,Variant 2,92,0,1
438,43,Device1,Location1,90.41922273922056,7.0301515265369305,2.0772014434899595,Variant 2,105,7,2
439,26,Device3,Location1,39.61878473951832,3.960852087391692,2.6116405428456058,Variant 2,113,5,2
440,53,Device1,Location2,85.37008950604815,9.006468712392104,0.692690796831895,Variant 2,120,6,2
441,24,Device2,Location2,97.7471097459519,7.705965824125336,0.3233682198239735,Variant 2,108,7,3
442,35,Device1,Location1,35.786729925057884,2.793098686326028,1.5255587036458882,Variant 2,117,9,2
443,25,Device3,Location2,1.2917682763974647,4.721517003896322,2.822027374136491,Variant 2,108,0,3
444,38,Device3,Location1,72.7788750592016,7.221997326522426,2.6106349808100027,Variant 2,99,8,2
445,43,Device3,Location1,48.54381353345608,5.3417475001835255,0.6514075181508124,Variant 2,95,9,2
446,20,Device2,Location1,88.74218163011605,5.199397932264411,2.8351935002299005,Variant 2,124,0,1
447,34,Device3,Location2,16.922909038690193,8.425385537528026,1.2034490165356118,Variant 2,113,6,3
448,68,Device1,Location3,24.32475502126199,6.5270313187531,2.5651874216568373,Variant 2,97,7,3
449,63,Device1,Location2,47.16417357681792,9.404710681772723,0.320402115934484,Variant 2,120,4,3
450,41,Device3,Location3,13.577579001831186,2.7158615220545346,1.2377041228801475,Variant 2,129,5,3
451,42,Device2,Location2,36.0333998408083,0.9973276302503852,1.6299501844434732,Variant 2,99,8,2
452,22,Device3,Location3,1.55637247309397,1.8598307522762192,1.8004994195544368,Variant 2,108,1,3
453,54,Device1,Location3,80.17804307853092,1.898276936002884,2.682725767591311,Variant 2,110,1,3
454,62,Device1,Location1,10.070408158219156,5.541987569863228,0.9620664452594624,Variant 2,106,8,2
455,67,Device3,Location2,59.58579436462104,5.119206087812057,0.3981634366085246,Variant 2,112,8,2
456,41,Device2,Location3,26.22313130237879,5.940197282393646,1.4182028247862903,Variant 2,107,4,2
457,48,Device1,Location2,3.0014971255053924,2.010565286461508,0.2702023392700825,Variant 2,118,3,2
458,43,Device2,Location1,10.969515288532294,2.392833822201287,2.5302092947666006,Variant 2,118,6,1
459,38,Device3,Location1,69.9215167873968,0.5695627171270412,1.585040979810497,Variant 2,107,9,1
460,51,Device1,Location3,89.10623143547654,0.2532153791580349,0.6869324842903006,Variant 2,99,2,2
461,55,Device1,Location1,5.467774925692403,3.5545096226895567,0.3920177256785684,Variant 2,113,5,2
462,41,Device1,Location2,28.14366442134969,7.463145473204128,1.7732449951010474,Variant 2,103,7,3
463,45,Device1,Location1,39.84317060739332,7.001114244657658,2.2550251579634013,Variant 2,97,9,2
464,47,Device1,Location1,97.86826215250233,6.653107692052892,1.1612014418865468,Variant 2,116,9,2
465,51,Device1,Location1,44.266794756830976,0.2147040651885889,2.34184208099488,Variant 2,116,9,1
466,69,Device3,Location1,82.48608765285228,9.48520214301828,2.022861364044597,Variant 2,109,1,1
467,69,Device1,Location2,28.111987606693457,3.40397466302448,0.1492369280774225,Variant 2,93,1,3
468,40,Device1,Location2,46.816970752746776,4.341074727279754,2.158960925346673,Variant 2,98,7,3
469,25,Device3,Location3,82.58616403155806,8.012532662971918,1.7242559974136764,Variant 2,98,3,2
470,59,Device1,Location1,76.86920896939245,0.91529595639813,2.7548578950683043,Variant 2,92,4,1
471,67,Device1,Location3,23.856602572266784,1.7685258646724256,0.2806692131932647,Variant 2,95,7,1
472,27,Device3,Location3,25.271748777558923,3.2561195281039392,0.5255062771260377,Variant 2,104,3,3
473,18,Device1,Location2,54.8472985132384,8.433858654270912,1.9929346774625245,Variant 2,123,9,3
474,37,Device1,Location1,93.80150047976812,6.857822728605849,2.5600528774924887,Variant 2,94,3,1
475,54,Device3,Location1,11.992793797598456,3.5839439722173427,0.6252973599592098,Variant 2,123,3,2
476,35,Device1,Location2,77.20619880324344,9.333657948696237,2.845120210441568,Variant 2,91,2,1
477,38,Device3,Location2,73.76005448122118,7.837013517483892,2.662191466026621,Variant 2,93,5,3
478,66,Device1,Location2,85.07756472326466,0.1044735448789291,0.2966153188602379,Variant 2,114,4,2
479,21,Device1,Location1,88.92003677540366,4.502904662184762,2.835653950581803,Variant 2,94,9,1
480,60,Device3,Location3,88.3425456709705,4.25069680613858,0.7240935247380302,Variant 2,116,9,1
481,19,Device2,Location3,90.0915898603207,2.355999301051516,1.8793700485330904,Variant 2,120,2,1
482,38,Device3,Location1,98.07048401602006,2.817534630608156,2.0850066009972794,Variant 2,126,9,1
483,54,Device2,Location3,33.24295407771456,6.828468612417399,0.9914051203632784,Variant 2,99,4,3
484,22,Device2,Location1,92.90113286766233,2.404485209815527,0.1858643033462585,Variant 2,97,0,1
485,34,Device1,Location1,94.756031148092,7.403305493349772,2.032611827594128,Variant 2,118,7,2
486,66,Device3,Location2,64.81822785294827,4.694070062562323,0.3655802705543505,Variant 2,104,1,3
487,65,Device2,Location1,66.45907440712826,0.7965339318575804,0.0926592635425688,Variant 2,121,8,3
488,28,Device2,Location2,35.85585546461532,4.065332056985433,2.2410427172367164,Variant 2,91,5,3
489,63,Device2,Location2,74.53039257574423,7.915157401668919,0.332470576515216,Variant 2,111,2,3
490,58,Device2,Location3,60.2560945535233,1.2925761940159608,2.4335005935945286,Variant 2,111,8,2
491,48,Device3,Location2,78.63189771806526,5.026855897591135,2.967236544246569,Variant 2,128,5,1
492,45,Device1,Location3,15.351360575498784,1.86318615270238,1.2110491347341257,Variant 2,121,5,3
493,61,Device1,Location1,81.45926584868197,9.263587489569264,1.9380673990882284,Variant 2,108,5,1
494,49,Device2,Location3,72.33816185079431,5.485033394776995,2.789820454809477,Variant 2,121,1,1
495,38,Device1,Location3,54.59453059479227,1.6526541735603228,2.750689156819336,Variant 2,123,0,2
496,24,Device2,Location3,25.97165139509097,5.590480729002114,0.9385523191464794,Variant 2,96,4,1
497,27,Device1,Location1,9.767420497731816,9.585913345572976,0.0814781512400414,Variant 2,118,3,2
498,45,Device1,Location1,48.483331690666574,8.297660447745606,0.8632407761862614,Variant 2,114,4,3
499,65,Device3,Location2,14.462155907453855,3.401068294084601,0.557633148406443,Variant 2,110,3,3
500,53,Device2,Location1,76.1773167168019,7.43604624737905,1.0675479203834757,Variant 2,118,8,1
501,37,Device3,Location2,92.45589331753298,6.864476241430553,0.8522876787173412,Variant 2,107,2,3
502,30,Device1,Location1,82.03213035248098,7.482658729495841,2.5291374483846285,Variant 2,129,9,2
503,36,Device2,Location3,33.04589094697634,4.834847099650595,1.573388360676237,Variant 2,106,8,3
504,67,Device2,Location2,14.600434863649149,9.190177614044664,0.3881828593296877,Variant 2,91,6,1
505,28,Device2,Location1,0.7913253289598021,3.725722714438654,1.15731061531636,Variant 2,95,7,2
506,52,Device2,Location1,66.36581318368606,9.625400957607726,1.9978443607707588,Variant 2,125,2,3
507,51,Device2,Location1,18.76120792108017,1.2242659573336778,2.6489538004538566,Variant 2,126,3,3
508,61,Device2,Location3,71.65543241648112,9.32485184258682,1.3835571395463564,Variant 2,121,6,1
509,21,Device1,Location2,57.543281449971,7.62296046751951,2.7544397685913293,Variant 2,91,1,3
510,30,Device2,Location2,47.00174829462942,9.55203015097898,2.3889773519498627,Variant 2,121,9,2
511,54,Device1,Location2,76.75392416193176,5.536335296465014,0.2275922671173527,Variant 2,122,1,1
512,19,Device3,Location1,98.1066222940361,9.366830307015048,2.4385700269486947,Variant 2,108,4,2
513,67,Device1,Location2,12.859414493097166,1.696102091942121,0.27453159687307,Variant 2,120,7,2
514,18,Device3,Location2,55.05186880730702,0.2989726706408457,2.745648617233877,Variant 2,104,9,3
515,57,Device2,Location1,31.322288531522847,7.006655499201974,2.1535083023279014,Variant 2,111,7,1
516,42,Device1,Location1,2.795538022944388,8.634911421220883,0.6989724455505885,Variant 2,121,5,2
517,54,Device1,Location1,2.93462669194976,8.9689093692118,0.5070340683625602,Variant 2,122,0,3
518,53,Device1,Location1,57.76220045897807,0.6147149777818939,1.3789174974949097,Variant 2,101,2,1
519,23,Device3,Location3,8.291544320366118,3.5323246141602693,1.949069691318963,Variant 2,128,1,1
520,24,Device2,Location3,4.392826228233493,4.443046675159178,0.6107567110095508,Variant 2,104,2,2
521,21,Device1,Location2,17.28785337287241,9.262241644839571,2.871332484637372,Variant 2,105,3,3
522,52,Device3,Location3,45.9864680163911,2.9293834516801667,0.4466194336584139,Variant 2,97,4,2
523,58,Device1,Location1,50.0767659479403,6.8837571778463325,2.580061031269593,Variant 2,97,9,2
524,51,Device1,Location3,91.52665197395412,2.198891623446575,0.7844996524760732,Variant 2,100,6,1
525,46,Device1,Location1,41.96691842641668,6.1272676988002495,0.1367111800368822,Variant 2,110,8,1
526,22,Device1,Location3,10.77788140881838,1.131233705088387,1.811588835476554,Variant 2,123,1,3
527,44,Device3,Location1,23.091592447466624,7.5454665967353876,1.3062335467075288,Variant 2,108,5,1
528,50,Device2,Location2,94.54086862291832,0.4454942965443453,0.9133780587688836,Variant 2,117,1,2
529,63,Device2,Location2,59.515203818704606,9.983431874043555,0.9607767180301804,Variant 2,114,3,3
530,69,Device1,Location3,35.53426161530129,8.014050513735947,2.035890939806751,Variant 2,95,0,3
531,27,Device3,Location1,89.27115179196812,6.1269665300529255,1.4146040542843437,Variant 2,93,9,2
532,23,Device2,Location2,30.057420613818365,7.685004236289757,1.4886109593892884,Variant 2,119,0,1
533,51,Device2,Location1,88.10947001037039,0.0302649771004082,0.1562225015411877,Variant 2,120,5,3
534,25,Device1,Location3,12.1133732627557,4.283951162255758,2.098817627953671,Variant 2,121,4,3
535,48,Device1,Location1,93.82293572294633,5.936221483154945,1.5455759597267236,Variant 2,124,8,1
536,26,Device3,Location1,93.76863574360613,9.76201382133374,2.38646484428625,Variant 2,116,3,1
537,38,Device2,Location3,34.52698491688009,3.65863475670465,1.6293663700004026,Variant 2,93,0,1
538,25,Device1,Location2,1.7548760207973246,9.70491001007735,0.7764214709382021,Variant 2,113,8,1
539,21,Device3,Location3,35.30414342252241,5.15549267590671,0.3786309784545881,Variant 2,98,7,2
540,39,Device3,Location1,18.08110152346956,0.6938163594503888,1.5356364864065568,Variant 2,114,5,1
541,45,Device3,Location3,26.606710144373345,6.165009635159158,2.863030435165911,Variant 2,96,6,1
542,62,Device2,Location3,62.568287726914285,8.220834171521945,0.5455086697796084,Variant 2,100,7,3
543,21,Device2,Location1,44.30981856449206,8.871344996347489,1.796043152326114,Variant 2,125,7,2
544,56,Device2,Location3,73.63126921193683,5.288354683386266,1.7286953498766855,Variant 2,129,7,1
545,38,Device3,Location2,63.70370384687634,4.448164377973073,0.8295220387744773,Variant 2,116,6,3
546,25,Device3,Location2,30.0557205529858,6.380919136819086,2.393375457501855,Variant 2,126,2,3
547,37,Device1,Location3,32.38765385320617,0.624091046792582,2.0911680185808983,Variant 2,105,8,2
548,49,Device1,Location1,79.81464066514448,9.417294130750536,1.532934967891484,Variant 2,108,9,2
549,18,Device2,Location3,53.21630482223539,2.3990837307447785,1.8708058074901408,Variant 2,93,6,2
550,23,Device2,Location3,12.73805927994307,6.273735797880127,1.9403842805710805,Variant 2,118,0,1
551,45,Device1,Location2,58.67231170319713,6.035445704473369,2.8794983367727056,Variant 2,129,0,2
552,61,Device2,Location2,13.797893874112432,7.216945036435396,0.6080786830397017,Variant 2,120,8,1
553,48,Device1,Location1,86.87081651119821,8.535318592447187,1.6480747031528853,Variant 2,95,9,3
554,27,Device1,Location1,12.927019493137893,2.5268550226249187,2.528977602010168,Variant 2,112,1,2
555,37,Device1,Location1,66.94081198913719,2.069238137792022,0.3584195231065602,Variant 2,99,9,1
556,25,Device3,Location3,89.68103716642098,7.4623142692758915,2.970504049976252,Variant 2,102,7,3
557,39,Device2,Location3,9.81235254509205,1.864886985455927,2.2788383326265578,Variant 2,122,5,3
558,55,Device3,Location3,53.023217991510094,9.560428100523692,0.74558993101386,Variant 2,105,8,1
559,46,Device2,Location3,95.80908736851642,1.972559945948279,2.9243238780233685,Variant 2,122,1,3
560,26,Device3,Location1,27.79427788119584,5.264695786908023,0.6854888289566841,Variant 2,125,9,2
561,61,Device2,Location1,28.10679399476984,6.562720579367877,2.588911651996982,Variant 2,118,3,2
562,64,Device2,Location1,47.00524001631885,1.7067206740307483,0.7396730682000117,Variant 2,116,2,3
563,18,Device1,Location3,94.77032937252793,3.859427997317254,2.4555134862744747,Variant 2,125,5,1
564,58,Device3,Location3,80.10136921584467,7.790762536702439,0.9801371346831834,Variant 2,108,7,3
565,69,Device3,Location1,27.11856325092864,3.0015537974028392,2.9885962456113084,Variant 2,118,5,2
566,56,Device2,Location2,23.1585356349136,3.4419812680714914,2.44488603496632,Variant 2,98,2,2
567,43,Device3,Location1,19.861675008444745,2.0412124943472456,0.7639903269265262,Variant 2,112,6,2
568,28,Device2,Location3,42.97254996178557,7.585491125199927,2.2834785013309595,Variant 2,121,1,1
569,69,Device2,Location3,80.79056781049219,2.3947919475107406,1.721185266325305,Variant 2,111,4,1
570,52,Device1,Location1,15.23022059686344,2.708401836810589,0.6974108745634972,Variant 2,124,9,1
571,41,Device2,Location2,61.70596792638465,4.908796486111208,0.3476383433151869,Variant 2,90,7,1
572,50,Device3,Location2,47.22903862895588,1.9179071550673696,1.3322022882962838,Variant 2,101,9,3
573,37,Device1,Location3,64.63208098872278,2.296248539719508,0.5004340948874508,Variant 2,98,8,3
574,44,Device2,Location3,40.34851981773661,9.262283358905046,2.526483537646424,Variant 2,113,7,2
575,32,Device1,Location3,75.98222111880885,8.02081287089904,0.96579588001832,Variant 2,111,3,2
576,50,Device1,Location1,32.1007527361849,2.6861173981142974,0.4753526177986168,Variant 2,119,7,2
577,69,Device2,Location3,72.21673932959276,6.991091802786022,2.164344271000662,Variant 2,98,7,1
578,24,Device3,Location3,95.96583803377432,3.642537079770729,0.7289161649480428,Variant 2,111,4,3
579,51,Device2,Location3,57.92417513872286,4.25025621263039,2.0553285403311743,Variant 2,102,8,2
580,62,Device2,Location2,63.45606678753152,7.058593983012416,1.1982084993359448,Variant 2,99,8,3
581,68,Device2,Location2,52.48011997585795,8.054577085938487,1.167273951437679,Variant 2,101,1,1
582,63,Device2,Location3,48.59503769750728,2.6355294557678577,0.3116235253121693,Variant 2,123,2,1
583,59,Device2,Location2,16.854681952346773,1.737525773915709,0.0039602803668989,Variant 2,114,0,2
584,22,Device3,Location2,68.7548957563442,4.398990481684431,2.8389483564500075,Variant 2,97,9,1
585,47,Device1,Location2,60.617186381248686,2.515993054316499,0.0254071775892618,Variant 2,111,1,2
586,45,Device3,Location2,55.28857604818299,8.038453618794522,2.224600007635072,Variant 2,119,6,3
587,35,Device2,Location1,30.64269786968398,1.689128785955536,2.0475162283778667,Variant 2,129,8,3
588,53,Device1,Location2,39.44914080700936,3.267755759449551,1.2673308032618178,Variant 2,128,6,2
589,20,Device1,Location2,43.31938558454651,1.9319963688118087,1.6224997916082586,Variant 2,113,8,2
590,38,Device1,Location2,65.74850962962141,0.33144245137811,1.296166566727579,Variant 2,92,5,1
591,63,Device3,Location2,72.58936267585587,5.839593658221669,2.052587231659447,Variant 2,127,1,2
592,33,Device3,Location1,31.29534571101282,7.8003379956325585,2.163644303071548,Variant 2,96,8,2
593,54,Device3,Location1,61.47364965366232,8.177282489565588,0.8448901232280779,Variant 2,110,1,1
594,59,Device2,Location3,37.037426869160925,6.884698736687168,2.5482609325796863,Variant 2,126,7,1
595,22,Device3,Location2,48.52116730530052,7.628027895489815,1.5593977003352646,Variant 2,128,8,3
596,67,Device3,Location2,8.191750017650257,4.4356522542395815,2.534109339624105,Variant 2,111,2,3
597,68,Device3,Location3,57.86776243621785,1.1430504853390575,2.796036126785955,Variant 2,107,8,1
598,31,Device1,Location1,89.64421192282558,2.720638782742318,1.4931710807296326,Variant 2,122,7,3
599,48,Device1,Location3,95.34053465033485,5.607358225071297,2.2861004861287024,Variant 2,108,2,3
600,63,Device2,Location1,33.463513117034594,9.298806230841924,1.641419711554082,Variant 2,117,5,3
601,41,Device1,Location3,17.012610063108625,6.799622373862481,1.2632820684381545,Control,75,7,2
602,52,Device2,Location3,97.66405959313926,1.8479757244924224,1.1744958609230285,Control,85,9,8
603,53,Device1,Location2,79.67050019462197,4.6454490593076025,1.7503352681009705,Control,72,7,1
604,27,Device2,Location3,29.31764521824164,8.374008594608217,1.1455111550566186,Control,62,2,4
605,44,Device2,Location1,0.4490043973006452,0.9677041750629768,2.385237982009409,Control,87,8,0
606,44,Device1,Location1,26.420426422417275,0.791596483067839,0.6219781646247968,Control,40,6,3
607,40,Device1,Location3,95.4945266914684,9.374877862437176,0.8139500284814392,Control,83,6,7
608,30,Device3,Location1,47.42667929910924,8.73428753728782,1.613871720965083,Control,20,4,5
609,33,Device3,Location3,29.43140138776522,4.286448527135037,0.9009548259005006,Control,91,1,7
610,52,Device2,Location2,34.239271585671084,7.2404238550876,2.126433267227537,Control,6,2,3
611,44,Device2,Location2,22.919683496941843,7.843525914199828,1.600010613984237,Control,41,8,7
612,69,Device2,Location2,56.530440581048566,3.3035861179472183,0.2607519390428862,Control,92,0,6
613,56,Device1,Location2,21.716706413224195,4.362345681847715,2.271079083458747,Control,75,3,9
614,64,Device1,Location3,69.5891552714483,8.60662522225439,0.6586349413284647,Control,6,6,0
615,34,Device3,Location1,47.2763112802699,0.133691362996986,2.8311167116425158,Control,80,5,8
616,65,Device1,Location3,15.900980740939564,3.3830799031368386,1.3121861307590377,Control,31,9,3
617,58,Device2,Location1,98.84063415798208,9.707110350266625,2.2181356933647214,Control,45,3,3
618,18,Device3,Location3,39.77297631197415,4.582199276536752,2.3566473445176204,Control,71,6,4
619,28,Device1,Location1,38.94396675072025,4.054187844855552,1.8260384185077472,Control,36,4,9
620,29,Device2,Location1,44.285344886288215,0.3254521919322839,0.7218571334166698,Control,25,1,1
621,31,Device1,Location3,21.757109779496098,7.288490450131601,0.431004073119671,Control,29,7,4
622,25,Device1,Location2,96.28273085277624,9.410854068644676,2.187324891507174,Control,46,9,7
623,48,Device1,Location3,42.44990551383473,6.977414790384686,0.7456299727338923,Control,69,5,0
624,24,Device2,Location2,58.61633937272388,6.5739400082194415,0.8324638396962779,Control,57,5,5
625,63,Device2,Location3,33.92208183866442,9.320438448353112,1.9344512661104103,Control,63,6,4
626,48,Device1,Location1,48.05576935570534,1.5403395729990688,2.956961284052267,Control,72,9,1
627,33,Device2,Location2,90.40904218175046,1.0404288506613268,1.577036768248245,Control,68,7,7
628,59,Device1,Location1,16.761351634372645,6.856095196108725,1.0216205962963767,Control,33,6,3
629,56,Device3,Location1,79.34015870132332,0.7364664239652186,0.1030274904707527,Control,37,5,4
630,61,Device2,Location1,46.21364057877342,9.08832397810343,2.448813723929713,Control,1,4,5
631,36,Device1,Location3,25.694118517080856,6.848572092748615,2.025680258332409,Control,23,9,0
632,25,Device1,Location1,68.64697599343876,7.755848402188858,2.228810691419101,Control,49,0,0
633,46,Device1,Location3,24.433257502915872,8.979722232406,0.3859577833201705,Control,12,4,8
634,19,Device3,Location2,15.337444759728116,0.8264579057955668,1.810364272013687,Control,1,5,8
635,59,Device2,Location1,33.01561479407905,3.3697019768298664,0.3971002491680454,Control,71,9,4
636,20,Device1,Location2,29.288293011258855,5.541645765962569,0.3079330833138058,Control,92,1,4
637,68,Device1,Location2,73.03697637073253,8.538356581046788,2.2179063410005257,Control,8,5,3
638,46,Device1,Location3,76.6004742345731,5.559879836670577,2.4050134047561382,Control,46,3,2
639,32,Device2,Location2,10.583182263252644,5.741503087711665,1.6430814081029346,Control,36,5,2
640,55,Device3,Location3,76.7880154512319,5.730526033416515,0.4221338656123355,Control,48,7,5
641,45,Device3,Location3,25.65683956887416,6.657426599969451,2.2480285394576125,Control,56,0,2
642,54,Device1,Location2,22.655620897386697,7.240962830081168,0.32110509100146,Control,41,9,5
643,49,Device1,Location2,70.57523637455341,6.860447735939726,1.7517401666494268,Control,88,8,9
644,47,Device2,Location2,87.37523091832713,1.3815899732879244,2.201996020887128,Control,64,6,9
645,68,Device1,Location3,60.72415492853492,9.90634079738049,2.1406145602309694,Control,98,6,0
646,64,Device3,Location3,93.91305050664596,8.520240590764486,2.135196208500388,Control,45,1,3
647,47,Device2,Location2,66.54264309706085,4.726244567286169,0.1126809624767753,Control,45,5,7
648,68,Device2,Location3,85.4645467267679,6.4345243960331135,2.706898412697157,Control,15,4,7
649,51,Device1,Location2,52.06221901479686,2.6729231819944177,1.4467295877374098,Control,39,9,1
650,30,Device3,Location3,88.57206215045899,8.299094629749131,0.4165843368041637,Control,2,7,9
651,50,Device2,Location3,11.514794800517205,6.0102684581417885,1.4950648171699643,Control,42,7,4
652,59,Device2,Location1,38.6401040826084,2.626108832218125,1.4903588808544426,Control,11,6,7
653,34,Device1,Location1,28.94104686284884,8.408337114574095,2.129214876134172,Control,68,0,6
654,20,Device3,Location2,14.923584707541073,0.984528449705927,0.7208104641762504,Control,95,4,7
655,26,Device3,Location1,14.94139197859018,2.5515780778261945,0.8007342907660351,Control,70,2,2
656,69,Device2,Location3,44.28642947631805,3.3741810322421992,0.234335180278275,Control,60,3,3
657,28,Device3,Location2,44.24355334988622,1.2419834362955606,0.3406244521712139,Control,66,6,7
658,66,Device1,Location1,91.07117463268656,4.643007667287661,1.2547966657545166,Control,57,3,3
659,44,Device1,Location2,94.10902922747164,7.657314014730423,1.6125547628359096,Control,74,9,6
660,45,Device2,Location2,1.9076596560196115,4.071816170138405,2.6993569108490703,Control,42,6,2
661,19,Device2,Location3,25.913472484312315,6.9487904051372045,2.115175811170621,Control,45,5,4
662,18,Device3,Location1,0.8446139182786028,1.940328306112724,2.972736005350926,Control,81,5,5
663,23,Device1,Location3,88.14126252817363,8.270300274259451,1.780733685202172,Control,76,9,5
664,42,Device3,Location2,53.21101979706331,1.7048717369711086,2.8167488033550523,Control,17,2,0
665,52,Device3,Location2,16.11345605346407,7.012486966721988,2.564869698868936,Control,47,1,2
666,33,Device2,Location2,83.04731019914067,2.815892785631686,0.0830304801432155,Control,53,5,0
667,21,Device1,Location1,7.174132625446972,8.170867719110419,2.388580214908157,Control,7,7,1
668,64,Device1,Location3,85.36248244243811,9.646408785649124,0.6697063794570778,Control,75,4,1
669,55,Device3,Location3,1.6158816152962108,7.770260179680417,2.8449019364543915,Control,26,0,9
670,61,Device1,Location1,45.48903534657717,0.5396259319239294,0.359037228638941,Control,22,3,4
671,37,Device1,Location3,35.396682356615486,0.3938800847678736,0.6164210940856749,Control,91,7,1
672,42,Device3,Location3,64.89986632628471,0.2101545945912997,0.9100952427814176,Control,76,0,1
673,24,Device2,Location2,55.02160174757529,9.351834334781916,0.0092748670719146,Control,71,5,2
674,38,Device2,Location2,35.38062307797628,1.7891542726860077,0.0410477141016395,Control,82,4,8
675,24,Device2,Location2,98.60586498737229,8.543425990399031,1.9149531598109275,Control,63,2,0
676,46,Device3,Location1,42.93437955128625,7.334145546939705,0.1676522852917263,Control,81,5,5
677,69,Device1,Location2,48.469596013055686,6.759753856750896,0.3038199068103203,Control,54,7,9
678,24,Device3,Location3,62.881045906629296,0.4700878908800376,1.3006641465597348,Control,7,4,1
679,20,Device3,Location1,9.916065193360168,5.698386527791353,2.2771764878363845,Control,54,2,2
680,46,Device2,Location3,88.14204638963416,9.732555276600449,1.0568642376223556,Control,71,7,9
681,46,Device1,Location1,56.6002619931852,6.464946377149316,2.659251698602805,Control,8,5,6
682,56,Device2,Location3,67.56892126329703,2.891466997277382,0.5320225275603082,Control,84,0,5
683,55,Device1,Location1,92.26396515611768,7.676079970645531,0.67335488257767,Control,49,9,9
684,23,Device1,Location3,64.23410057260574,4.852391544079785,0.1315163558781986,Control,11,0,2
685,63,Device2,Location2,7.173451471545911,1.1693227271025053,2.418781742579586,Control,88,3,8
686,27,Device2,Location1,8.357853669077652,8.761791649839406,2.301951673179284,Control,50,5,7
687,54,Device3,Location3,56.82312662977397,8.045245868133634,2.783681902405194,Control,26,3,6
688,31,Device1,Location3,11.666521654074568,0.2672214318446286,2.5712247311319447,Control,13,5,4
689,39,Device1,Location3,4.288448198381623,0.4071007543197391,0.0183013137257894,Control,44,6,4
690,49,Device1,Location3,38.36619873295836,1.887016486666793,1.903456804287864,Control,12,5,6
691,35,Device1,Location2,97.81124216617673,8.630366979255214,0.6401983452357821,Control,75,5,5
692,53,Device1,Location2,54.971024887225575,1.9456483258145496,0.1695844593420155,Control,78,5,1
693,63,Device3,Location1,88.48118936179418,9.217238133481732,2.939674451252468,Control,19,1,5
694,69,Device1,Location1,45.28555796353352,5.108644317269814,0.8872207908277283,Control,34,6,5
695,26,Device3,Location3,93.0655457057404,2.872522881554179,1.3146470413077742,Control,18,4,0
696,43,Device2,Location1,2.991454467554066,1.2503687251526652,1.4192254253003274,Control,60,7,6
697,39,Device3,Location3,71.9450111035725,5.799522466825604,2.9178591190221583,Control,65,1,4
698,63,Device3,Location1,95.53578884036392,8.965321885275243,1.488018601945539,Control,31,1,2
699,55,Device3,Location1,46.95667321093512,6.203631020759487,2.1784319643066024,Control,69,5,7
700,40,Device2,Location3,25.38550470174317,4.343064979057184,0.8119004477345017,Control,51,2,4
701,34,Device1,Location2,65.15042223363096,6.250090489976356,1.679004865937347,Control,8,6,7
702,43,Device3,Location3,38.19740828696698,7.347409494548827,1.534955087562952,Control,32,1,1
703,64,Device2,Location2,33.854227004850536,2.391591243064348,0.2727556444888935,Control,6,6,0
704,55,Device3,Location1,35.738786767553535,2.6999920836734868,2.582525560114925,Control,33,3,6
705,19,Device3,Location2,41.16694213420179,8.923525335429849,0.4609194682555355,Control,0,6,1
706,23,Device2,Location3,45.08951991738985,7.807023264854517,1.3009405859903973,Control,3,6,2
707,24,Device3,Location1,16.67046670362733,7.264673724462759,2.7280513941722084,Control,63,0,0
708,30,Device3,Location2,67.62737585145277,6.70598031168634,1.808042298941169,Control,41,4,7
709,44,Device1,Location2,84.01980905612288,5.193416363708466,1.1552392575894954,Control,53,5,6
710,28,Device2,Location3,73.42920781328898,3.6241295769356894,2.3725417590155864,Control,47,9,3
711,32,Device3,Location1,41.95852690061284,3.9179271294795903,0.1984371269673812,Control,58,1,3
712,26,Device2,Location1,16.613637497623614,0.7934848201128597,2.281350676605988,Control,69,1,1
713,25,Device2,Location2,71.18192124953724,8.861921011113985,2.5938498793881464,Control,44,3,1
714,63,Device1,Location2,5.265921329126599,0.2101984167091042,2.3325500074220606,Control,98,8,4
715,23,Device1,Location2,50.19463732319225,8.447227254645489,0.8593391362111867,Control,1,2,2
716,65,Device1,Location1,94.97960345926164,4.555504979932112,1.020951580902502,Control,11,0,1
717,60,Device3,Location2,35.149555619001724,1.842848408716056,2.5113341966823306,Control,13,5,2
718,21,Device3,Location2,73.36739852193789,6.229888481640973,0.6784299098517209,Control,12,5,3
719,28,Device3,Location1,93.4706580490472,5.131406446592748,1.6136807278962395,Control,76,1,1
720,68,Device3,Location1,11.617075423592128,6.406812065854183,1.6766073734769635,Control,17,8,1
721,45,Device3,Location3,60.91508170474952,3.657706903600229,2.4369858769673107,Control,59,5,3
722,43,Device3,Location1,56.31488707135378,7.985582509285299,0.0483960480728558,Control,41,3,2
723,21,Device2,Location1,49.35828096296536,4.282322032452921,2.999691879213343,Control,52,9,7
724,32,Device2,Location3,51.1053899611246,3.884900963686846,0.4204200014463671,Control,89,8,8
725,36,Device1,Location1,39.87876096219152,6.263804144254913,1.0681988167394147,Control,35,5,8
726,23,Device3,Location3,13.56928482599976,8.36084131649678,2.012200202329545,Control,26,8,8
727,22,Device2,Location1,21.01208284747349,0.877026782640965,0.0584635572644016,Control,55,2,2
728,35,Device1,Location3,5.6371536627761065,4.374458762000144,1.4862221807007645,Control,62,5,5
729,23,Device1,Location2,83.11042617690842,4.729795376166688,0.0396691170731557,Control,98,1,5
730,48,Device1,Location2,1.5205311425301349,5.319406526079939,0.7625751706085194,Control,53,2,4
731,42,Device1,Location2,22.718558039055942,3.2597355729662167,2.758565964066573,Control,72,1,4
732,21,Device2,Location3,84.24602119281634,1.836316294197956,0.9257856801631766,Control,42,6,7
733,23,Device2,Location2,91.602336963347,2.284936603173052,2.827501765321407,Control,71,8,6
734,58,Device2,Location1,32.34780784923016,2.466530501432413,1.1645126737238187,Control,13,9,5
735,54,Device1,Location3,68.27553511108366,4.14171586740724,1.7032877217726987,Control,8,2,9
736,67,Device1,Location1,2.6493262012545093,5.538047735443507,2.221759411299978,Control,26,8,4
737,42,Device3,Location1,93.8671390247206,3.318172257045928,2.50056088595633,Control,83,3,3
738,51,Device3,Location1,21.17563978520337,8.25642993377006,0.1381097333259936,Control,47,7,8
739,36,Device1,Location3,15.009134095876242,4.758591981368781,1.0727664084693374,Control,57,9,3
740,51,Device2,Location1,9.173614588488013,3.0583354683976727,0.1922126203220568,Control,30,1,9
741,32,Device1,Location2,66.8880873606054,3.456368116833024,2.9179591537311147,Control,75,6,7
742,67,Device3,Location3,33.22373156628133,9.8927748235154,0.8065695583458073,Control,54,1,8
743,25,Device3,Location2,52.68936733782472,6.615311602872202,1.2528744247613604,Control,56,2,2
744,61,Device2,Location3,98.27432825282348,4.0967682606426,1.248148221233457,Control,49,8,1
745,64,Device1,Location1,12.508376674952617,8.968482739337823,1.0408542443071949,Control,99,1,3
746,66,Device3,Location2,56.926624103979385,7.646121653358038,0.3854129219593071,Control,19,8,9
747,51,Device2,Location3,29.13812036536062,8.64613605085795,0.7211193578429478,Control,22,3,3
748,35,Device3,Location1,56.06203949920167,1.6111668650088362,1.8535614235207556,Control,19,5,3
749,47,Device2,Location1,86.97172075664663,8.024179461682165,2.3825282064744058,Control,47,0,5
750,30,Device3,Location3,67.33993857385327,4.801142485471152,2.5286713271478423,Control,50,7,3
751,64,Device3,Location3,94.09707005758108,0.6814796129932954,0.7194896820047212,Control,98,2,4
752,50,Device1,Location3,74.3312298797784,0.9203668503274852,0.5717968853302958,Control,73,4,4
753,52,Device2,Location3,51.02870175924629,5.7339842147747095,1.3855899223095816,Control,43,3,5
754,69,Device2,Location2,13.872702474294076,3.887154346349712,1.438717750245351,Control,18,6,9
755,41,Device3,Location3,10.376034791854892,0.7082273365147074,1.0926808052569368,Control,52,3,1
756,43,Device1,Location1,31.96150455250606,4.36367461153943,1.0484874366018508,Control,5,1,7
757,64,Device3,Location2,35.568555886258416,7.921492779395651,2.1949456326340897,Control,26,8,1
758,68,Device3,Location1,82.0725140068123,2.150116790459683,2.937763147208845,Control,15,6,1
759,61,Device3,Location1,50.35977455422421,7.225445384198995,0.0386447764092797,Control,31,4,6
760,59,Device2,Location3,52.08242721052877,4.2630854540007626,0.3313099567799673,Control,11,6,5
761,64,Device1,Location2,99.71796086584168,3.286974437041885,0.7198733830049093,Control,2,1,4
762,18,Device3,Location3,63.39558918260839,4.177552776072556,2.6532127649210997,Control,55,0,9
763,30,Device3,Location1,58.314190658588174,6.359029207344483,2.6244885919821,Control,42,2,7
764,27,Device3,Location3,82.82669370747587,3.829279335399733,1.220532561563374,Control,78,1,5
765,36,Device2,Location3,15.205256460879358,5.334571626053877,1.2022860142768972,Control,12,2,5
766,22,Device3,Location3,86.08297941571557,0.7483861703333328,1.3319195768507184,Control,74,2,9
767,25,Device2,Location3,26.57085398731183,6.639811749123138,0.1135020871908916,Control,71,5,8
768,21,Device2,Location3,29.16948931225,1.44579249193183,2.5959250698301317,Control,22,5,6
769,66,Device2,Location3,67.71508915552242,1.689175525483878,2.1162530209938897,Control,55,2,9
770,30,Device2,Location2,12.116145688982428,6.965806155920012,0.9646117917386186,Control,79,2,9
771,55,Device2,Location3,17.943296290248114,9.909776388082516,0.0721283402333244,Control,52,5,1
772,63,Device1,Location2,97.01078696904672,9.036066089425706,0.544846028299654,Control,67,3,1
773,66,Device2,Location3,62.68266868350327,4.573994738108825,0.9681092663525128,Control,79,5,8
774,63,Device2,Location2,25.39718976542073,3.028143079578489,0.8880026366205127,Control,96,5,7
775,36,Device3,Location1,89.97467379749976,4.450228638463391,2.659028400246333,Control,2,1,4
776,69,Device1,Location2,34.95577757673076,5.597162219993836,2.385039149285648,Control,25,5,3
777,67,Device1,Location2,15.472331893535763,2.639883384496419,0.5786134514793366,Control,59,4,3
778,25,Device3,Location1,98.03220340371654,7.216906308627921,2.716068726310966,Control,6,0,9
779,44,Device2,Location3,11.584932679382442,0.2407812577253409,1.6444290833283357,Control,13,1,3
780,67,Device1,Location3,57.29957570120992,9.426032951453006,0.909802106888376,Control,76,3,6
781,64,Device2,Location2,75.00746108180826,7.260067316343871,0.3904406514262355,Control,94,8,6
782,47,Device3,Location3,93.13925900032304,8.730584188832957,2.825124672282363,Control,89,1,7
783,21,Device1,Location3,11.003100004805312,3.3854261800356578,0.1974784473270938,Control,46,2,1
784,28,Device2,Location1,52.7805228875436,9.319910244371409,0.7853516271943763,Control,1,3,6
785,38,Device1,Location3,13.251733188609036,9.901215224487125,2.5164525949439773,Control,55,7,9
786,60,Device1,Location3,77.20473495193555,1.794454505633406,0.8370128613891761,Control,79,2,6
787,19,Device2,Location2,20.42923935091869,5.743666162868303,1.4425484832447537,Control,51,2,1
788,38,Device2,Location3,22.670526271328484,8.667769814681344,2.352859840793056,Control,72,3,7
789,34,Device1,Location3,99.84440444372606,0.4866731114905576,1.7729946122530753,Control,91,0,5
790,60,Device3,Location2,84.51904356476963,7.75821198485975,2.139719849138842,Control,64,6,9
791,68,Device1,Location2,65.05379774361239,0.3495336987548347,0.9364379514537672,Control,43,5,8
792,46,Device3,Location2,64.05178168769194,6.547179840996816,0.5954544178013135,Control,36,5,7
793,44,Device1,Location3,59.80661024284185,0.9570824973162506,1.810415555320335,Control,59,1,9
794,41,Device2,Location3,95.2105763810464,1.0043599413098636,0.50155125403107,Control,92,6,4
795,66,Device3,Location3,85.87499106437151,2.875297322510467,1.6169358753340652,Control,42,8,5
796,20,Device3,Location3,61.0721946762539,3.736682676086653,2.526721413920165,Control,43,0,0
797,56,Device1,Location3,13.662896373224552,5.061072285107206,1.8024295118804847,Control,83,6,5
798,27,Device1,Location3,36.8760847247978,0.6758277360051868,1.9149674330596844,Control,34,2,9
799,20,Device3,Location2,96.15543105027636,3.916670083681693,0.8277927369080675,Control,69,5,9
800,62,Device2,Location2,12.153823263473196,9.573945325047555,2.9703736336190056,Control,98,1,9
801,59,Device3,Location3,9.916345142279958,4.778259786115463,0.8823058613379114,Control,34,3,6
802,43,Device3,Location1,3.0962434365079505,9.754093426257525,1.07230213407084,Control,65,7,8
803,54,Device2,Location2,62.24848742605995,9.459202389602204,1.1575371311751084,Control,96,7,4
804,44,Device2,Location3,31.51906445503737,2.7266389116081124,2.849841298707517,Control,0,7,9
805,22,Device1,Location2,90.272638651012,8.14385100080204,1.8320536461999744,Control,63,9,5
806,59,Device1,Location1,97.11547444778029,3.465231649944134,0.1814735465973752,Control,2,9,0
807,28,Device1,Location2,26.46560761211124,6.455162955349199,1.1359369054547064,Control,69,8,9
808,30,Device2,Location2,86.64530926227614,3.259104437690329,0.4400813447905433,Control,57,9,2
809,58,Device3,Location2,36.467959204054814,1.966763600522652,0.415945357555441,Control,76,9,1
810,51,Device2,Location2,25.36073790650063,5.79067539631366,1.7843698850282037,Control,1,6,1
811,55,Device1,Location3,59.6887803671676,8.50698513325421,1.0560495483535592,Control,7,4,8
812,57,Device3,Location1,91.26706209463072,9.570431690051304,1.6217113381778567,Control,39,2,7
813,50,Device1,Location3,13.511009723387634,2.6252410687791707,1.8619754802856725,Control,34,7,8
814,51,Device3,Location2,25.074182738466845,6.795419345489739,1.4634596580821615,Control,95,0,6
815,44,Device2,Location2,3.704458678989342,8.253688472219542,0.6461744547931882,Control,88,7,9
816,53,Device1,Location2,30.222807236545258,2.1166891759801065,0.2773366724542424,Control,78,3,8
817,43,Device2,Location1,71.22083140250004,5.120345916819744,0.9011250229447352,Control,56,9,5
818,68,Device2,Location1,10.273429996532313,9.05516313582016,1.6155476934907758,Control,51,3,1
819,42,Device2,Location3,29.916649395609607,8.648867795992981,0.8380592243352519,Control,95,2,4
820,36,Device3,Location2,55.296532467674574,0.112900823362867,1.175334335726224,Control,21,9,1
821,38,Device2,Location1,79.11286065391339,6.241641409690867,2.717114501548281,Control,83,7,3
822,48,Device2,Location2,98.9205273669359,6.353954996027262,0.0790039792418629,Control,31,5,2
823,46,Device3,Location3,42.61732539670673,9.910892293627157,0.2481704515878156,Control,87,8,7
824,26,Device2,Location3,52.178206569821526,6.885117450500502,2.460186995943273,Control,48,1,0
825,36,Device2,Location1,87.2921538595177,5.397510128469556,0.5583088303710831,Control,49,2,9
826,43,Device2,Location3,46.857934828568645,1.821094473603393,2.4966426595789324,Control,60,4,8
827,42,Device3,Location1,21.38606841692689,2.6404197481670666,1.8745546204517256,Control,61,0,1
828,57,Device3,Location2,88.94702840527117,8.19844740585642,0.3282492082837795,Control,99,1,3
829,60,Device1,Location1,72.93597225549445,0.6957498645340321,1.00284432599507,Control,50,3,4
830,46,Device2,Location3,37.694244156191104,0.1416872602562124,2.8847681403194563,Control,32,2,9
831,42,Device3,Location2,48.76250606304413,6.113608618190601,0.5298925785877022,Control,64,5,9
832,36,Device2,Location3,20.18381334111935,6.761374906028279,1.2403078252868445,Control,20,1,1
833,21,Device3,Location2,4.544564237192694,8.257390129986055,0.9219289787287752,Control,72,9,9
834,62,Device3,Location2,32.329052764245816,5.302245759297051,1.5294453410206297,Control,43,1,2
835,37,Device3,Location2,63.40841450221492,8.423693257581816,1.3031656592583278,Control,69,8,0
836,63,Device1,Location2,28.272024314322675,8.252105694455885,2.795577151249818,Control,40,4,2
837,18,Device2,Location3,98.5264957115188,3.896270055910109,2.478350389875395,Control,25,9,5
838,28,Device3,Location1,10.13181711291944,0.9080942597582476,1.741136070577545,Control,70,7,0
839,21,Device2,Location2,64.50463969854904,7.629538660160151,1.0015349290664908,Control,18,7,4
840,24,Device3,Location3,54.61989674963359,9.651429881571389,2.2533891845433063,Control,87,5,6
841,45,Device2,Location3,0.3201398509218522,8.783601241301412,1.7687653990816632,Control,69,8,7
842,53,Device2,Location3,84.03846716766726,6.332992091355832,0.4874366364444558,Control,74,6,5
843,24,Device3,Location1,40.74684828896215,0.9608301024271249,0.9361261848991144,Control,99,1,4
844,37,Device2,Location3,51.423417915629976,5.921911832712979,1.7049697957570475,Control,53,2,7
845,52,Device1,Location3,72.53684549023517,0.157005325394185,2.099885186938916,Control,50,1,8
846,68,Device1,Location1,72.33736207133984,5.919764790316657,0.9615128582331652,Control,20,6,1
847,68,Device2,Location3,79.72612698860812,8.337051873386557,2.7306719334076788,Control,64,9,2
848,56,Device2,Location3,11.434099796227247,7.414539851063399,1.2245993021069714,Control,45,4,9
849,38,Device3,Location1,96.53834727981136,6.156980994895172,0.4475161102451969,Control,95,6,0
850,61,Device3,Location1,87.01865844248636,1.2054859098578008,0.637038851523667,Control,7,3,8
851,18,Device2,Location1,88.5131956285295,1.7280746766275823,0.596366136626471,Control,80,5,3
852,54,Device2,Location2,65.11358536899914,8.45114652213353,0.7014128984338793,Control,99,0,7
853,63,Device2,Location1,28.93727569803035,5.9148086462293845,1.151017562953159,Control,81,2,9
854,59,Device2,Location2,70.40541568950668,5.2189173297946745,1.3948323166400254,Control,62,2,6
855,20,Device1,Location2,77.3241033430624,2.081227538977932,1.626827306777631,Control,55,1,8
856,51,Device2,Location1,22.924618672805572,4.24403825548543,2.8140794704599896,Control,80,3,1
857,30,Device3,Location2,85.52913450076485,5.808811252392402,1.709878610130498,Control,20,1,5
858,33,Device1,Location3,49.06185000590406,6.280945862603286,0.5389390123745867,Control,35,1,2
859,51,Device2,Location3,23.282429241813684,7.034478816959286,1.3660660717734343,Control,35,2,9
860,41,Device3,Location1,96.64141991959268,7.482527374560811,0.5064269747906853,Control,23,6,3
861,30,Device1,Location2,92.25922138860282,6.208576265873745,2.73327412640315,Control,88,9,8
862,23,Device2,Location3,71.65374196869367,1.555839233441182,0.5051283335639077,Control,57,7,9
863,56,Device2,Location2,54.04157432495277,5.423217530554092,1.8316696065874445,Control,10,9,3
864,19,Device2,Location2,36.70956983622876,0.7481432464823179,1.7338893162670574,Control,21,3,9
865,28,Device2,Location3,88.22714223955519,5.90799840377505,1.8694505336458624,Control,84,1,2
866,24,Device1,Location1,77.34785029860164,9.79406657866492,0.1758431485181577,Control,91,9,4
867,24,Device3,Location2,76.72351501992071,2.672471120405924,0.8679669871340401,Control,20,0,5
868,56,Device2,Location3,50.68387495566843,3.9184071436287926,1.061012748878548,Control,84,6,7
869,56,Device1,Location1,4.095094624199835,2.7256206909933245,2.7694830966278032,Control,82,9,5
870,29,Device1,Location2,55.82009462337202,5.589102949551421,1.825779109866958,Control,19,9,7
871,68,Device3,Location2,84.79418781127848,0.4378694045139242,2.42346508366163,Control,74,0,4
872,39,Device1,Location2,50.72551221977767,9.939418176200965,1.4880710553604295,Control,71,1,1
873,68,Device1,Location2,74.19067223185293,7.967537598041238,1.1919165866456107,Control,42,8,8
874,68,Device3,Location1,47.27587416609536,6.173737056966847,1.450797267925323,Control,63,5,2
875,69,Device1,Location2,55.97145715495883,8.126261418839864,2.361491515432081,Control,95,8,4
876,20,Device1,Location3,4.61395377798114,2.214091133706874,0.2730208880197358,Control,78,5,8
877,30,Device3,Location3,31.03801012035382,8.584339513047574,2.8610347138187064,Control,93,0,5
878,47,Device1,Location3,89.81858139476837,9.83595533149295,1.810670284213284,Control,51,3,2
879,27,Device3,Location1,30.875145123726533,6.355322595424623,0.5586667522861174,Control,31,0,1
880,69,Device2,Location3,45.35616797580491,5.627594388786916,0.1312898021079104,Control,33,7,1
881,26,Device2,Location2,56.967705829206686,4.513634919889683,0.3842623018650949,Control,94,4,2
882,23,Device2,Location2,76.54631947416347,6.42652028672039,0.3213114273260776,Control,33,7,9
883,61,Device2,Location3,24.81317050867225,6.562835043515303,1.2079340235410287,Control,29,6,5
884,19,Device1,Location1,7.2677879380669825,5.553132282501252,2.075971701921511,Control,8,2,1
885,61,Device2,Location1,85.97396554684762,7.621475888413183,0.750547598827176,Control,35,4,4
886,33,Device3,Location2,71.41862938587073,3.541610319710525,1.1551478847939014,Control,6,9,0
887,30,Device3,Location2,77.13810571918384,8.112001833075244,1.6925875803917787,Control,72,7,4
888,65,Device3,Location3,17.081949324470834,6.353018152342257,2.4403890205450045,Control,34,7,8
889,30,Device3,Location1,47.244399555514406,3.455877238488584,1.8230256217692975,Control,74,3,0
890,39,Device2,Location3,45.59578403879508,1.7930109636197311,0.5556249363948278,Control,62,7,4
891,36,Device3,Location2,50.33729098009068,4.816509053973955,0.7325503356002399,Control,58,3,0
892,43,Device2,Location2,91.82928053261598,4.540688358307756,1.11422859240027,Control,50,1,0
893,31,Device3,Location3,99.16877772557233,2.946237960912015,1.4611566079523288,Control,24,8,2
894,48,Device3,Location1,3.164576074369008,5.914170236385018,2.6526177590529905,Control,61,9,1
895,46,Device2,Location2,18.433363280139268,0.0539759913281467,0.7399942413291313,Control,25,8,3
896,62,Device2,Location2,84.05571911311021,3.2642027030005973,2.783045822296972,Control,94,0,9
897,59,Device1,Location1,8.757177555718132,6.490642428403531,2.3203766041640432,Control,73,8,8
898,39,Device1,Location2,97.55121838295032,0.2587285548688411,0.9585399761321076,Control,52,9,9
899,24,Device1,Location1,70.4412213094957,5.765630410282961,2.900401894999594,Control,30,8,1
900,54,Device3,Location1,1.1392056427458663,3.76472211684434,1.106356781636082,Control,43,5,5
901,66,Device3,Location2,69.80011647571632,7.577361724995625,2.0382995376001047,Control,98,9,5
902,58,Device3,Location3,30.861995905128538,2.1240570717385623,2.8096612989814465,Control,27,3,5
903,44,Device1,Location2,50.14511742372034,8.215781844847807,2.367640181736092,Control,7,4,5
904,48,Device1,Location2,13.970751367201728,2.0681469203299976,2.659520324832513,Control,25,8,4
905,23,Device1,Location2,60.351204399372286,6.064714588947195,0.4850076781580725,Control,80,7,5
906,33,Device3,Location2,21.340532375808973,1.980409965550174,1.930563283893385,Control,52,3,5
907,55,Device2,Location3,28.282535280750764,5.47190552672642,0.2397231176419683,Control,52,3,6
908,55,Device1,Location3,69.6057959358438,4.73688733136844,2.9398618005071846,Control,66,7,3
909,67,Device2,Location3,19.88100542930725,2.239228021968591,2.094836101038506,Control,54,9,8
910,49,Device3,Location1,28.87899368557524,5.836564612221091,0.312679249034004,Control,30,7,8
911,50,Device1,Location3,8.688567080227106,2.20853057378828,2.378999648185138,Control,4,3,4
912,66,Device3,Location1,60.03917070128219,5.088539412811638,1.386923599343174,Control,72,7,1
913,34,Device2,Location2,23.989203008963,8.568590448644771,0.2385535330142472,Control,20,3,9
914,50,Device3,Location3,88.15488392979066,8.639568703447948,2.413106080955182,Control,47,0,8
915,28,Device3,Location3,59.13673217823128,6.472791414591112,0.1057639527971699,Control,97,5,4
916,30,Device1,Location3,22.17562407332809,4.653240726296364,2.385993289644543,Control,61,0,6
917,47,Device2,Location3,0.7287197090910857,6.693901661637897,1.722663042979521,Control,70,6,2
918,18,Device1,Location3,11.674190367599556,8.102809438971414,0.0081181484244396,Control,29,2,8
919,47,Device3,Location2,23.05305792275931,7.914884286505684,1.336005601776292,Control,70,3,7
920,44,Device3,Location3,55.25120526337026,5.484033033134915,1.831751521588893,Control,36,8,0
921,57,Device2,Location1,19.304853404227877,3.074006931782586,0.6153609791915664,Control,90,1,1
922,40,Device3,Location1,68.27030276243484,6.578241921695324,0.7083717807191475,Control,33,2,0
923,37,Device1,Location3,8.877730302201714,0.1898953149952964,0.1941706685092846,Control,84,4,1
924,23,Device2,Location1,39.97318577836594,9.68772253736024,2.0092018340735227,Control,79,9,7
925,54,Device3,Location3,23.658784529377677,3.2970059561600684,0.5835426871781909,Control,56,6,2
926,37,Device1,Location2,80.28610779636016,4.175190524125477,2.5832676347125605,Control,11,2,4
927,54,Device1,Location1,12.795289583193036,5.479229510768064,2.275565586841654,Control,15,7,0
928,23,Device2,Location3,12.060049133327311,7.174883294824279,0.2788823191540023,Control,21,3,9
929,46,Device3,Location1,78.15206552705452,1.6178653409789534,1.673017845321686,Control,91,7,4
930,30,Device1,Location3,35.17864802747499,3.7586470916256474,1.237527066675474,Control,43,3,1
931,44,Device2,Location1,78.72408596879002,3.189004738904365,2.3361770226830982,Control,82,3,0
932,67,Device1,Location2,66.46937674599343,0.5595299927730291,1.986572615347596,Control,10,3,2
933,37,Device3,Location1,8.821049310425622,4.538706678858791,0.2344640914538925,Control,12,7,0
934,30,Device1,Location1,97.10491651109288,0.8796080646516391,2.944967958497217,Control,48,5,8
935,56,Device3,Location1,93.04672003594456,8.821568911934838,0.7707844905243852,Control,2,3,8
936,25,Device1,Location1,80.18474258116485,5.296766771972773,0.7666786604286921,Control,75,7,7
937,34,Device3,Location3,83.83735674469108,8.178071324672784,0.9143713223741748,Control,6,8,5
938,47,Device1,Location2,62.0519983565336,5.955529299611758,2.9281674179022583,Control,97,2,9
939,18,Device1,Location2,92.00563053473796,9.357703614435252,2.4113451539878623,Control,87,1,0
940,41,Device2,Location1,41.57875130469137,0.8172714919085056,0.2581546398549518,Control,94,8,3
941,33,Device3,Location1,89.3424153636665,7.320157554918997,1.253949472881157,Control,61,0,5
942,28,Device1,Location2,45.8274300402702,6.82723344423835,2.565856884809386,Control,63,6,2
943,21,Device2,Location2,78.17810385699596,7.952025467454559,1.0476693052545512,Control,26,5,1
944,21,Device1,Location2,47.55996961032476,5.7289206495570655,0.8742420730402181,Control,42,7,2
945,34,Device2,Location2,69.72164881391136,3.014526391800728,1.9182030657237237,Control,88,0,8
946,66,Device1,Location1,43.26384596988697,3.124404127065332,1.103020423513429,Control,3,1,6
947,27,Device2,Location2,38.11974369849733,8.876199469039797,0.4848539272208301,Control,84,8,2
948,38,Device3,Location1,65.20291817847578,3.5449957337968163,1.4498129683342025,Control,87,6,5
949,55,Device1,Location1,78.17768489867642,8.14113935595273,2.4350882133945926,Control,75,8,7
950,66,Device3,Location2,8.145499548675229,7.658994949659017,2.533571939455399,Control,4,2,8
951,35,Device3,Location3,26.409004715422,5.100787455200094,1.846963715915756,Control,53,9,3
952,27,Device2,Location1,58.86448565706346,9.120757331639016,2.9973610118052867,Control,43,8,6
953,62,Device3,Location2,29.3887427019116,3.007589027504035,2.9540124823480203,Control,70,6,8
954,33,Device2,Location1,58.10173975155318,0.0653907745715687,0.7160846264640638,Control,93,0,8
955,56,Device2,Location3,99.33941374263746,7.577412533720842,2.312762806293992,Control,74,2,4
956,32,Device2,Location2,88.51023690790694,7.647814922721793,0.5516862772064027,Control,88,3,7
957,51,Device2,Location1,57.76715193494264,1.95856672762859,1.2342497065945857,Control,58,6,8
958,22,Device2,Location3,6.830054236445438,8.156665573259463,0.0298905587569366,Control,85,8,4
959,34,Device1,Location3,82.28617546702075,8.589865168226206,0.6043134947414507,Control,73,8,7
960,54,Device1,Location1,95.1632646983655,6.57096225498859,0.670854304651032,Control,38,0,9
961,25,Device3,Location2,12.778403585255582,5.195201432324199,2.963288542676954,Control,74,8,6
962,41,Device1,Location2,61.89901451361207,6.284701283830701,0.1249358401063169,Control,73,9,2
963,45,Device2,Location1,14.824812055787106,6.368386908464867,2.8375550999014085,Control,37,5,1
964,64,Device2,Location3,11.132020509101604,8.489526223558034,2.5145757735478824,Control,75,1,1
965,25,Device1,Location3,36.69494657890014,2.2933639597412894,0.0674381143998198,Control,19,0,7
966,40,Device3,Location3,25.29571149992392,9.17005478302392,0.4101979793186242,Control,47,4,1
967,52,Device3,Location3,73.59855142582,9.49881326350313,1.887090831920318,Control,53,7,9
968,48,Device1,Location1,22.61983328910938,2.2004911688503324,1.0523955840271904,Control,60,2,2
969,34,Device2,Location3,84.63126730447004,1.0527345623644146,1.024078688677009,Control,46,7,1
970,45,Device2,Location1,24.05548948384353,6.735920616073619,2.0894137440037173,Control,29,1,1
971,65,Device3,Location2,65.94178340963745,1.1293144772785455,2.9842667292969014,Control,28,5,8
972,65,Device1,Location2,17.47575028968267,2.4907111016087717,0.9981367028312867,Control,39,5,8
973,68,Device2,Location3,58.1856616157203,1.641548253660814,2.7691316244249635,Control,70,3,1
974,29,Device3,Location3,50.38021005776167,8.583167158012863,2.1853251814022574,Control,2,2,9
975,41,Device3,Location3,57.13805768779952,9.089152651396276,2.540967871760417,Control,9,8,5
976,32,Device1,Location2,38.49386398471556,3.133047176703238,1.5265142898998072,Control,99,7,5
977,57,Device3,Location1,93.03057255348789,3.3170314154094447,1.599869665959078,Control,8,7,0
978,48,Device2,Location1,31.05077941737392,4.642423125069758,1.639394570049089,Control,8,0,4
979,44,Device3,Location1,90.81264269317413,1.3603599432857794,1.6954173456271584,Control,3,4,4
980,52,Device3,Location3,74.70995895037184,7.810030603561879,0.4333233227412585,Control,80,6,6
981,35,Device3,Location1,36.63890377050466,5.330957322206697,0.6211362124224888,Control,72,0,8
982,53,Device1,Location3,45.859727866950514,2.967126135330964,0.4611740251160391,Control,73,8,0
983,25,Device2,Location2,87.27971506701458,4.8191426125508325,0.5729137395008536,Control,27,8,3
984,63,Device3,Location1,18.047054215897017,5.928124962446274,1.9949024933164927,Control,23,8,3
985,66,Device1,Location3,15.426800254653406,3.441478344139839,0.6195004065620301,Control,27,8,3
986,55,Device3,Location1,56.737860261340366,2.6816789629957363,2.635183533345963,Control,58,2,3
987,22,Device2,Location2,98.16769163769771,1.4596480901134845,0.3584169172886771,Control,26,6,1
988,31,Device3,Location1,49.98740724735874,6.814818385140804,2.96622067007348,Control,27,1,9
989,55,Device1,Location1,61.52057132257161,4.422116958880266,0.0042964739884787,Control,64,9,5
990,37,Device3,Location2,62.58146365321519,0.8790917417649158,2.5316236240483083,Control,65,6,3
991,61,Device3,Location3,68.99740767401576,6.082082272659735,0.0059718769282862,Control,22,3,2
992,26,Device3,Location3,67.3802570521777,1.1663535124753133,2.3564051657810667,Control,31,9,2
993,50,Device1,Location3,87.52819261339279,1.3345191839380477,2.1829644015855774,Control,18,2,7
994,35,Device3,Location1,43.29961769151552,6.468537188265623,2.083622412650435,Control,25,6,1
995,23,Device3,Location1,94.70034020700298,8.604104720561631,1.0526499676924588,Control,68,0,9
996,54,Device1,Location3,77.82302548326629,7.265629659980624,1.8812636994320904,Control,48,2,2
997,19,Device1,Location3,27.42242654240665,9.86367585635185,1.7982164061610724,Control,76,2,4
998,47,Device2,Location1,28.93419216392229,2.449896197955516,2.2186126786894094,Control,50,1,0
999,23,Device1,Location3,39.857764449540646,8.26113660191025,2.1300311113420185,Control,0,8,5
1000,34,Device3,Location3,97.08472648043416,5.968014757495857,0.7446957244433432,Control,44,5,6
